currency,buying_rate,average_rate,selling_rate,date,mid_rate
USD,1013.97,1024.1,1034.24,2022-06-27,1024.1
USD,1013.77,1023.9,1034.04,2022-06-28,1023.9
USD,1014.06,1024.2,1034.34,2022-06-29,1024.2
USD,1014.34,1024.48,1034.62,2022-06-30,1024.48
USD,1014.48,1024.62,1034.77,2022-07-05,1024.62
USD,1014.69,1024.83,1034.98,2022-07-06,1024.83
USD,1014.95,1025.1,1035.25,2022-07-07,1025.1
USD,1015.07,1025.22,1035.37,2022-07-08,1025.22
USD,1015.15,1025.3,1035.45,2022-07-12,1025.3
USD,1015.32,1025.47,1035.63,2022-07-13,1025.47
USD,1015.57,1025.72,1035.88,2022-07-14,1025.72
USD,1015.8,1025.95,1036.11,2022-07-15,1025.95
USD,1016.13,1026.29,1036.45,2022-07-18,1026.29
USD,1016.32,1026.48,1036.65,2022-07-19,1026.48
USD,1016.6,1026.76,1036.93,2022-07-20,1026.76
USD,1016.9,1027.06,1037.23,2022-07-21,1027.06
USD,1017.18,1027.35,1037.53,2022-07-22,1027.35
USD,1017.51,1027.68,1037.85,2022-07-25,1027.68
USD,1017.79,1027.97,1038.15,2022-07-26,1027.97
USD,1018.1,1028.28,1038.46,2022-07-27,1028.28
USD,1018.4,1028.58,1038.76,2022-07-28,1028.58
USD,1018.64,1028.82,1039.01,2022-07-29,1028.82
USD,1018.88,1029.07,1039.26,2022-08-01,1029.07
USD,1019.09,1029.28,1039.47,2022-08-02,1029.28
USD,1019.38,1029.57,1039.76,2022-08-03,1029.57
USD,1019.7,1029.89,1040.09,2022-08-04,1029.89
USD,1019.99,1030.19,1040.39,2022-08-08,1030.19
USD,1020.22,1030.42,1040.62,2022-08-09,1030.42
USD,1020.54,1030.74,1040.95,2022-08-10,1030.74
USD,1020.83,1031.03,1041.24,2022-08-11,1031.03
USD,1021.12,1031.33,1041.54,2022-08-12,1031.33
USD,1021.4,1031.61,1041.83,2022-08-16,1031.61
USD,1021.71,1031.92,1042.14,2022-08-17,1031.92
USD,1021.92,1032.14,1042.36,2022-08-18,1032.14
USD,1022.18,1032.4,1042.62,2022-08-19,1032.4
USD,1022.46,1032.68,1042.91,2022-08-22,1032.68
USD,1022.76,1032.98,1043.21,2022-08-23,1032.98
USD,1023.04,1033.27,1043.5,2022-08-24,1033.27
USD,1023.22,1033.45,1043.69,2022-08-25,1033.45
USD,1023.56,1033.79,1044.03,2022-08-26,1033.79
USD,1023.81,1034.04,1044.28,2022-08-29,1034.04
USD,1024.19,1034.44,1044.68,2022-08-30,1034.44
USD,1024.48,1034.73,1044.97,2022-08-31,1034.73
USD,1024.81,1035.06,1045.3,2022-09-01,1035.06
USD,1025.19,1035.45,1045.7,2022-09-02,1035.45
USD,1025.52,1035.78,1046.03,2022-09-05,1035.78
USD,1025.87,1036.13,1046.38,2022-09-06,1036.13
USD,1026.21,1036.47,1046.73,2022-09-07,1036.47
USD,1026.54,1036.81,1047.07,2022-09-08,1036.81
USD,1026.83,1037.1,1047.36,2022-09-09,1037.1
USD,1027.07,1037.34,1047.61,2022-09-12,1037.34
USD,1027.39,1037.67,1047.94,2022-09-13,1037.67
USD,1027.7,1037.98,1048.25,2022-09-14,1037.98
USD,1028.0,1038.28,1048.56,2022-09-15,1038.28
USD,1028.29,1038.57,1048.85,2022-09-16,1038.57
USD,1028.64,1038.93,1049.21,2022-09-19,1038.93
USD,1028.98,1039.27,1049.56,2022-09-20,1039.27
USD,1029.33,1039.62,1049.91,2022-09-21,1039.62
USD,1029.65,1039.95,1050.24,2022-09-22,1039.95
USD,1029.93,1040.23,1050.53,2022-09-23,1040.23
USD,1030.28,1040.58,1050.88,2022-09-26,1040.58
USD,1030.65,1040.95,1051.26,2022-09-27,1040.95
USD,1031.04,1041.35,1051.66,2022-09-28,1041.35
USD,1031.34,1041.65,1051.96,2022-09-29,1041.65
USD,1031.61,1041.93,1052.24,2022-09-30,1041.93
USD,1031.86,1042.18,1052.5,2022-10-03,1042.18
USD,1032.19,1042.51,1052.83,2022-10-04,1042.51
USD,1032.46,1042.78,1053.1,2022-10-05,1042.78
USD,1032.72,1043.05,1053.38,2022-10-06,1043.05
USD,1033.22,1043.55,1053.88,2022-10-07,1043.55
USD,1033.8,1044.13,1054.47,2022-10-10,1044.13
USD,1034.29,1044.63,1054.97,2022-10-11,1044.63
USD,1034.67,1045.02,1055.36,2022-10-12,1045.02
USD,1035.16,1045.51,1055.86,2022-10-13,1045.51
USD,1035.7,1046.05,1056.41,2022-10-14,1046.05
USD,1036.04,1046.4,1056.76,2022-10-17,1046.4
USD,1036.09,1046.45,1056.81,2022-10-18,1046.45
USD,1036.37,1046.73,1057.09,2022-10-19,1046.73
USD,1036.45,1046.81,1057.18,2022-10-20,1046.81
USD,1036.68,1047.04,1057.41,2022-10-21,1047.04
USD,1036.75,1047.11,1057.48,2022-10-24,1047.11
USD,1037.24,1047.61,1057.98,2022-10-25,1047.61
USD,1037.36,1047.73,1058.1,2022-10-26,1047.73
USD,1037.71,1048.09,1058.46,2022-10-27,1048.09
USD,1037.93,1048.31,1058.68,2022-10-28,1048.31
USD,1038.45,1048.83,1059.22,2022-10-31,1048.83
USD,1038.96,1049.35,1059.74,2022-11-01,1049.35
USD,1039.51,1049.91,1060.3,2022-11-02,1049.91
USD,1040.07,1050.47,1060.87,2022-11-03,1050.47
USD,1040.19,1050.59,1060.99,2022-11-04,1050.59
USD,1040.55,1050.95,1061.36,2022-11-07,1050.95
USD,1040.77,1051.17,1061.58,2022-11-08,1051.17
USD,1041.36,1051.77,1062.18,2022-11-09,1051.77
USD,1041.99,1052.4,1062.82,2022-11-10,1052.4
USD,1042.43,1052.85,1063.27,2022-11-11,1052.85
USD,1042.74,1053.17,1063.6,2022-11-14,1053.17
USD,1043.08,1053.51,1063.94,2022-11-15,1053.51
USD,1043.76,1054.2,1064.64,2022-11-16,1054.2
USD,1044.31,1054.75,1065.19,2022-11-17,1054.75
USD,1044.49,1054.93,1065.37,2022-11-18,1054.93
USD,1044.48,1054.92,1065.36,2022-11-21,1054.92
USD,1045.07,1055.52,1065.97,2022-11-22,1055.52
USD,1045.56,1056.01,1066.47,2022-11-23,1056.01
USD,1045.85,1056.31,1066.77,2022-11-24,1056.31
USD,1046.33,1056.79,1067.25,2022-11-25,1056.79
USD,1046.37,1056.83,1067.29,2022-11-28,1056.83
USD,1047.06,1057.53,1068.0,2022-11-29,1057.53
USD,1047.16,1057.63,1068.1,2022-11-30,1057.63
USD,1047.81,1058.28,1068.76,2022-12-01,1058.28
USD,1048.47,1058.95,1069.44,2022-12-02,1058.95
USD,1049.02,1059.51,1070.0,2022-12-05,1059.51
USD,1049.72,1060.21,1070.71,2022-12-06,1060.21
USD,1050.51,1061.01,1071.52,2022-12-07,1061.01
USD,1051.07,1061.58,1072.09,2022-12-08,1061.58
USD,1051.22,1061.73,1072.24,2022-12-09,1061.73
USD,1052.2,1062.72,1073.25,2022-12-12,1062.72
USD,1052.96,1063.48,1074.01,2022-12-13,1063.48
USD,1053.65,1064.19,1074.72,2022-12-14,1064.19
USD,1054.44,1064.99,1075.53,2022-12-15,1064.99
USD,1054.69,1065.24,1075.78,2022-12-16,1065.24
USD,1055.6,1066.16,1076.71,2022-12-19,1066.16
USD,1056.41,1066.97,1077.53,2022-12-20,1066.97
USD,1056.71,1067.28,1077.85,2022-12-21,1067.28
USD,1057.83,1068.4,1078.98,2022-12-22,1068.4
USD,1058.36,1068.94,1079.52,2022-12-23,1068.94
USD,1058.96,1069.55,1080.14,2022-12-28,1069.55
USD,1059.49,1070.09,1080.68,2022-12-29,1070.09
USD,1060.11,1070.71,1081.31,2022-12-30,1070.71
USD,1061.09,1071.7,1082.31,2023-01-04,1071.7
USD,1061.56,1072.18,1082.79,2023-01-05,1072.18
USD,1062.04,1072.66,1083.28,2023-01-06,1072.66
USD,1062.48,1073.11,1083.73,2023-01-09,1073.11
USD,1062.59,1073.22,1083.84,2023-01-10,1073.22
USD,1063.78,1074.42,1085.05,2023-01-11,1074.42
USD,1064.63,1075.28,1085.92,2023-01-12,1075.28
USD,1065.01,1075.66,1086.31,2023-01-13,1075.66
USD,1065.67,1076.33,1086.98,2023-01-16,1076.33
USD,1066.35,1077.01,1087.67,2023-01-17,1077.01
USD,1066.6,1077.26,1087.93,2023-01-18,1077.26
USD,1066.72,1077.39,1088.05,2023-01-19,1077.39
USD,1068.27,1078.95,1089.63,2023-01-20,1078.95
USD,1069.04,1079.73,1090.41,2023-01-23,1079.73
USD,1070.44,1081.15,1091.85,2023-01-24,1081.15
USD,1071.15,1081.86,1092.57,2023-01-25,1081.86
USD,1071.19,1081.9,1092.61,2023-01-26,1081.9
USD,1072.68,1083.41,1094.14,2023-01-27,1083.41
USD,1072.12,1082.84,1093.56,2023-01-30,1082.84
USD,1073.03,1083.76,1094.49,2023-01-31,1083.76
USD,1074.12,1084.86,1095.6,2023-02-02,1084.86
USD,1075.04,1085.79,1096.54,2023-02-03,1085.79
USD,1074.8,1085.54,1096.29,2023-02-06,1085.54
USD,1076.13,1086.89,1097.65,2023-02-07,1086.89
USD,1076.14,1086.9,1097.66,2023-02-08,1086.9
USD,1076.12,1086.88,1097.64,2023-02-09,1086.88
USD,1076.75,1087.51,1098.28,2023-02-10,1087.51
USD,1076.92,1087.68,1098.45,2023-02-13,1087.68
USD,1077.39,1088.16,1098.94,2023-02-14,1088.16
USD,1077.51,1088.28,1099.06,2023-02-15,1088.28
USD,1078.21,1088.99,1099.77,2023-02-16,1088.99
USD,1078.69,1089.47,1100.26,2023-02-17,1089.47
USD,1078.4,1089.18,1099.97,2023-02-20,1089.18
USD,1079.35,1090.14,1100.93,2023-02-21,1090.14
USD,1079.69,1090.48,1101.28,2023-02-22,1090.48
USD,1080.6,1091.41,1102.21,2023-02-23,1091.41
USD,1080.51,1091.32,1102.12,2023-02-24,1091.32
USD,1081.28,1092.1,1102.91,2023-02-27,1092.1
USD,1080.26,1091.07,1101.87,2023-02-28,1091.07
USD,1080.24,1091.05,1101.85,2023-03-01,1091.05
USD,1081.25,1092.06,1102.87,2023-03-02,1092.06
USD,1080.93,1091.73,1102.54,2023-03-03,1091.73
USD,1081.25,1092.06,1102.87,2023-03-06,1092.06
USD,1081.58,1092.39,1103.21,2023-03-07,1092.39
USD,1082.79,1093.62,1104.45,2023-03-08,1093.62
USD,1083.8,1094.64,1105.48,2023-03-09,1094.64
USD,1083.69,1094.53,1105.37,2023-03-10,1094.53
USD,1083.75,1094.59,1105.43,2023-03-13,1094.59
USD,1084.19,1095.03,1105.87,2023-03-14,1095.03
USD,1084.23,1095.07,1105.91,2023-03-15,1095.07
USD,1086.09,1096.95,1107.81,2023-03-16,1096.95
USD,1085.27,1096.12,1106.97,2023-03-17,1096.12
USD,1086.31,1097.17,1108.03,2023-03-20,1097.17
USD,1086.12,1096.98,1107.84,2023-03-21,1096.98
USD,1088.02,1098.9,1109.78,2023-03-22,1098.9
USD,1089.64,1100.53,1111.43,2023-03-23,1100.53
USD,1089.95,1100.85,1111.75,2023-03-24,1100.85
USD,1089.36,1100.25,1111.14,2023-03-27,1100.25
USD,1090.01,1100.91,1111.81,2023-03-28,1100.91
USD,1091.31,1102.22,1113.13,2023-03-29,1102.22
USD,1092.31,1103.23,1114.15,2023-03-30,1103.23
USD,1092.7,1103.62,1114.55,2023-03-31,1103.62
USD,1094.08,1105.02,1115.96,2023-04-03,1105.02
USD,1094.19,1105.13,1116.07,2023-04-04,1105.13
USD,1094.83,1105.78,1116.72,2023-04-05,1105.78
USD,1094.94,1105.88,1116.83,2023-04-06,1105.88
USD,1095.68,1106.63,1117.59,2023-04-11,1106.63
USD,1096.31,1107.27,1118.23,2023-04-12,1107.27
USD,1098.11,1109.09,1120.07,2023-04-13,1109.09
USD,1099.22,1110.21,1121.2,2023-04-14,1110.21
USD,1100.66,1111.66,1122.67,2023-04-17,1111.66
USD,1101.39,1112.4,1123.41,2023-04-18,1112.4
USD,1100.93,1111.94,1122.95,2023-04-19,1111.94
USD,1101.93,1112.95,1123.97,2023-04-20,1112.95
USD,1102.51,1113.54,1124.56,2023-04-24,1113.54
USD,1102.66,1113.69,1124.71,2023-04-25,1113.69
USD,1102.6,1113.62,1124.65,2023-04-26,1113.62
USD,1103.69,1114.73,1125.76,2023-04-27,1114.73
USD,1104.47,1115.51,1126.56,2023-04-28,1115.51
USD,1105.31,1116.36,1127.41,2023-05-02,1116.36
USD,1105.85,1116.91,1127.97,2023-05-03,1116.91
USD,1106.34,1117.4,1128.46,2023-05-04,1117.4
USD,1107.55,1118.63,1129.7,2023-05-05,1118.63
USD,1108.26,1119.35,1130.43,2023-05-08,1119.35
USD,1109.33,1120.42,1131.51,2023-05-09,1120.42
USD,1109.45,1120.54,1131.64,2023-05-10,1120.54
USD,1109.83,1120.92,1132.02,2023-05-11,1120.92
USD,1110.41,1121.51,1132.61,2023-05-12,1121.51
USD,1111.57,1122.69,1133.8,2023-05-15,1122.69
USD,1112.0,1123.12,1134.24,2023-05-16,1123.12
USD,1113.04,1124.16,1135.29,2023-05-17,1124.16
USD,1113.54,1124.67,1135.81,2023-05-18,1124.67
USD,1114.51,1125.66,1136.8,2023-05-19,1125.66
USD,1115.18,1126.33,1137.48,2023-05-22,1126.33
USD,1115.6,1126.76,1137.91,2023-05-23,1126.76
USD,1116.24,1127.4,1138.56,2023-05-24,1127.4
USD,1117.09,1128.26,1139.43,2023-05-25,1128.26
USD,1117.92,1129.1,1140.28,2023-05-26,1129.1
USD,1118.79,1129.97,1141.16,2023-05-29,1129.97
USD,1119.6,1130.79,1141.99,2023-05-30,1130.79
USD,1120.37,1131.58,1142.78,2023-05-31,1131.58
USD,1121.37,1132.58,1143.79,2023-06-01,1132.58
USD,1122.19,1133.41,1144.63,2023-06-02,1133.41
USD,1123.21,1134.44,1145.67,2023-06-05,1134.44
USD,1123.23,1134.46,1145.69,2023-06-06,1134.46
USD,1124.62,1135.86,1147.11,2023-06-07,1135.86
USD,1126.09,1137.35,1148.61,2023-06-08,1137.35
USD,1126.94,1138.21,1149.48,2023-06-09,1138.21
USD,1128.11,1139.39,1150.67,2023-06-12,1139.39
USD,1130.12,1141.42,1152.72,2023-06-13,1141.42
USD,1132.24,1143.56,1154.88,2023-06-14,1143.56
USD,1133.94,1145.28,1156.62,2023-06-15,1145.28
USD,1136.05,1147.41,1158.77,2023-06-16,1147.41
USD,1138.5,1149.88,1161.27,2023-06-19,1149.88
USD,1141.14,1152.55,1163.96,2023-06-20,1152.55
USD,1142.95,1154.38,1165.81,2023-06-21,1154.38
USD,1144.65,1156.09,1167.54,2023-06-22,1156.09
USD,1146.65,1158.11,1169.58,2023-06-23,1158.11
USD,1148.58,1160.06,1171.54,2023-06-26,1160.06
USD,1150.59,1162.09,1173.6,2023-06-27,1162.09
USD,1151.1,1162.61,1174.12,2023-06-29,1162.61
USD,1153.03,1164.55,1176.08,2023-06-30,1164.55
USD,1154.51,1166.05,1177.6,2023-07-05,1166.05
USD,1155.46,1167.01,1178.57,2023-07-06,1167.01
USD,1156.2,1167.76,1179.32,2023-07-07,1167.76
USD,1157.25,1168.82,1180.39,2023-07-10,1168.82
USD,1158.09,1169.67,1181.25,2023-07-11,1169.67
USD,1158.31,1169.89,1181.48,2023-07-12,1169.89
USD,1158.59,1170.17,1181.76,2023-07-13,1170.17
USD,1159.04,1170.62,1182.21,2023-07-14,1170.62
USD,1159.6,1171.19,1182.79,2023-07-17,1171.19
USD,1160.718195,1172.324205,1183.930215,2023-07-18,1172.324205
USD,1161.17,1172.79,1184.4,2023-07-19,1172.79
USD,1161.72,1173.34,1184.95,2023-07-20,1173.34
USD,1162.54,1174.16,1185.79,2023-07-21,1174.16
USD,1163.19,1174.82,1186.45,2023-07-24,1174.82
USD,1163.94,1175.58,1187.22,2023-07-25,1175.58
USD,1164.48,1176.12,1187.77,2023-07-26,1176.12
USD,1165.22,1176.87,1188.52,2023-07-27,1176.87
USD,1165.74,1177.39,1189.05,2023-07-28,1177.39
USD,1166.48,1178.14,1189.81,2023-07-31,1178.14
USD,1167.32,1178.99,1190.66,2023-08-01,1178.99
USD,1167.96,1179.64,1191.32,2023-08-02,1179.64
USD,1168.92,1180.61,1192.3,2023-08-03,1180.61
USD,1169.57,1181.26,1192.95,2023-08-07,1181.26
USD,1170.2,1181.9,1193.6,2023-08-08,1181.9
USD,1170.81,1182.52,1194.23,2023-08-09,1182.52
USD,1171.39,1183.1,1194.81,2023-08-10,1183.1
USD,1172.0,1183.72,1195.44,2023-08-11,1183.72
USD,1172.75,1184.47,1196.2,2023-08-14,1184.47
USD,1173.8,1185.53,1197.27,2023-08-16,1185.53
USD,1174.68,1186.43,1198.17,2023-08-17,1186.43
USD,1175.37,1187.12,1198.87,2023-08-18,1187.12
USD,1176.22,1187.98,1199.74,2023-08-21,1187.98
USD,1176.94,1188.71,1200.48,2023-08-22,1188.71
USD,1177.94,1189.72,1201.5,2023-08-23,1189.72
USD,1178.4,1190.18,1201.96,2023-08-24,1190.18
USD,1178.88,1190.67,1202.46,2023-08-25,1190.67
USD,1179.42,1191.21,1203.0,2023-08-28,1191.21
USD,1180.7,1192.5,1204.31,2023-08-29,1192.5
USD,1181.14,1192.95,1204.76,2023-08-30,1192.95
USD,1181.51,1193.32,1205.14,2023-08-31,1193.32
USD,1181.99,1193.8,1205.62,2023-09-01,1193.8
USD,1182.42,1194.25,1206.07,2023-09-04,1194.25
USD,1183.29,1195.12,1206.95,2023-09-05,1195.12
USD,1184.4,1196.25,1208.09,2023-09-06,1196.25
USD,1184.86,1196.71,1208.56,2023-09-07,1196.71
USD,1185.4,1197.25,1209.1,2023-09-08,1197.25
USD,1185.76,1197.62,1209.48,2023-09-11,1197.62
USD,1186.71,1198.58,1210.44,2023-09-12,1198.58
USD,1187.05,1198.92,1210.78,2023-09-13,1198.92
USD,1188.68,1200.57,1212.46,2023-09-14,1200.57
USD,1189.04,1200.93,1212.82,2023-09-15,1200.93
USD,1190.42,1202.33,1214.23,2023-09-18,1202.33
USD,1190.67,1202.58,1214.48,2023-09-19,1202.58
USD,1191.18,1203.09,1215.0,2023-09-20,1203.09
USD,1193.11,1205.04,1216.97,2023-09-21,1205.04
USD,1194.34,1206.28,1218.23,2023-09-22,1206.28
USD,1196.47,1208.43,1220.39,2023-09-25,1208.43
USD,1198.27,1210.25,1222.23,2023-09-26,1210.25
USD,1200.62,1212.62,1224.63,2023-09-27,1212.62
USD,1201.51,1213.52,1225.53,2023-09-28,1213.52
USD,1202.88,1214.91,1226.94,2023-09-29,1214.91
USD,1204.83,1216.88,1228.93,2023-10-02,1216.88
USD,1205.94,1218.0,1230.05,2023-10-03,1218.0
USD,1207.42,1219.5,1231.57,2023-10-04,1219.5
USD,1208.66,1220.74,1232.83,2023-10-05,1220.74
USD,1209.04,1221.13,1233.22,2023-10-06,1221.13
USD,1209.15,1221.24,1233.33,2023-10-09,1221.24
USD,1210.18,1222.28,1234.38,2023-10-10,1222.28
USD,1210.23,1222.33,1234.43,2023-10-11,1222.33
USD,1210.51,1222.61,1234.72,2023-10-12,1222.61
USD,1210.87,1222.98,1235.09,2023-10-13,1222.98
USD,1211.22,1223.33,1235.44,2023-10-16,1223.33
USD,1211.72,1223.84,1235.95,2023-10-17,1223.84
USD,1212.77,1224.9,1237.02,2023-10-18,1224.9
USD,1212.87,1225.0,1237.12,2023-10-19,1225.0
USD,1213.83,1225.97,1238.11,2023-10-20,1225.97
USD,1214.48,1226.63,1238.77,2023-10-23,1226.63
USD,1215.32,1227.48,1239.63,2023-10-24,1227.48
USD,1215.87,1228.03,1240.18,2023-10-25,1228.03
USD,1216.4,1228.56,1240.72,2023-10-26,1228.56
USD,1216.92,1229.08,1241.25,2023-10-27,1229.08
USD,1217.33,1229.5,1241.67,2023-10-30,1229.5
USD,1218.02,1230.2,1242.38,2023-10-31,1230.2
USD,1218.68,1230.87,1243.05,2023-11-01,1230.87
USD,1219.05,1231.24,1243.43,2023-11-02,1231.24
USD,1219.66,1231.85,1244.05,2023-11-03,1231.85
USD,1219.55,1231.74,1243.94,2023-11-06,1231.74
USD,1219.98,1232.18,1244.38,2023-11-07,1232.18
USD,1220.48,1232.69,1244.89,2023-11-08,1232.69
USD,1221.03,1233.24,1245.45,2023-11-09,1233.24
USD,1221.77,1233.99,1246.21,2023-11-10,1233.99
USD,1222.56,1234.78,1247.0,2023-11-13,1234.78
USD,1223.36,1235.59,1247.82,2023-11-14,1235.59
USD,1224.05,1236.29,1248.53,2023-11-15,1236.29
USD,1224.9,1237.15,1249.4,2023-11-16,1237.15
USD,1224.93,1237.18,1249.42,2023-11-17,1237.18
USD,1225.81,1238.07,1250.32,2023-11-20,1238.07
USD,1226.78,1239.05,1251.31,2023-11-21,1239.05
USD,1227.66,1239.94,1252.21,2023-11-22,1239.94
USD,1228.57,1240.86,1253.14,2023-11-23,1240.86
USD,1229.44,1241.74,1254.03,2023-11-24,1241.74
USD,1230.41,1242.71,1255.01,2023-11-27,1242.71
USD,1231.69,1244.01,1256.32,2023-11-28,1244.01
USD,1232.91,1245.24,1257.56,2023-11-29,1245.24
USD,1234.42,1246.77,1259.11,2023-11-30,1246.77
USD,1235.74,1248.09,1260.45,2023-12-01,1248.09
USD,1236.69,1249.06,1261.42,2023-12-04,1249.06
USD,1238.09,1250.47,1262.85,2023-12-05,1250.47
USD,1238.95,1251.34,1263.73,2023-12-06,1251.34
USD,1238.81,1251.2,1263.59,2023-12-07,1251.2
USD,1239.59,1251.98,1264.37,2023-12-08,1251.98
USD,1240.36,1252.76,1265.16,2023-12-11,1252.76
USD,1241.26,1253.67,1266.08,2023-12-12,1253.67
USD,1242.27,1254.69,1267.11,2023-12-13,1254.69
USD,1242.93,1255.36,1267.78,2023-12-14,1255.36
USD,1243.99,1256.43,1268.87,2023-12-15,1256.43
USD,1244.83,1257.28,1269.72,2023-12-18,1257.28
USD,1245.78,1258.24,1270.69,2023-12-19,1258.24
USD,1247.01,1259.48,1271.95,2023-12-20,1259.48
USD,1247.57,1260.04,1272.52,2023-12-21,1260.04
USD,1248.97,1261.46,1273.94,2023-12-22,1261.46
USD,1249.6,1262.1,1274.59,2023-12-27,1262.1
USD,1250.45,1262.95,1275.45,2023-12-28,1262.95
USD,1251.42,1263.93,1276.44,2023-12-29,1263.93
USD,1253.6,1266.14,1278.67,2024-01-03,1266.14
USD,1254.96,1267.5,1280.05,2024-01-04,1267.5
USD,1255.6,1268.16,1280.71,2024-01-05,1268.16
USD,1256.02,1268.58,1281.14,2024-01-08,1268.58
USD,1256.12,1268.68,1281.24,2024-01-09,1268.68
USD,1256.35,1268.91,1281.47,2024-01-10,1268.91
USD,1257.19,1269.76,1282.33,2024-01-11,1269.76
USD,1257.83,1270.41,1282.98,2024-01-12,1270.41
USD,1257.73,1270.31,1282.89,2024-01-15,1270.31
USD,1258.48,1271.06,1283.64,2024-01-16,1271.06
USD,1258.97,1271.56,1284.15,2024-01-17,1271.56
USD,1259.01,1271.59,1284.18,2024-01-18,1271.59
USD,1258.9,1271.49,1284.08,2024-01-19,1271.49
USD,1259.4,1271.99,1284.58,2024-01-22,1271.99
USD,1259.96,1272.56,1285.16,2024-01-23,1272.56
USD,1260.47,1273.07,1285.68,2024-01-24,1273.07
USD,1261.31,1273.92,1286.53,2024-01-25,1273.92
USD,1261.45,1274.06,1286.68,2024-01-26,1274.06
USD,1261.31,1273.92,1286.53,2024-01-29,1273.92
USD,1261.78,1274.4,1287.01,2024-01-30,1274.4
USD,1262.28,1274.9,1287.52,2024-01-31,1274.9
USD,1262.44,1275.06,1287.69,2024-02-02,1275.06
USD,1262.85,1275.48,1288.11,2024-02-05,1275.48
USD,1263.1,1275.73,1288.36,2024-02-06,1275.73
USD,1262.88,1275.51,1288.13,2024-02-07,1275.51
USD,1262.86,1275.49,1288.12,2024-02-08,1275.49
USD,1263.43,1276.06,1288.7,2024-02-09,1276.06
USD,1263.87,1276.51,1289.14,2024-02-12,1276.51
USD,1264.91,1277.56,1290.21,2024-02-13,1277.56
USD,1263.83,1276.46,1289.1,2024-02-14,1276.46
USD,1264.49,1277.13,1289.78,2024-02-15,1277.13
USD,1265.24,1277.89,1290.54,2024-02-16,1277.89
USD,1266.05,1278.71,1291.37,2024-02-19,1278.71
USD,1266.4,1279.06,1291.73,2024-02-20,1279.06
USD,1266.15,1278.81,1291.47,2024-02-21,1278.81
USD,1266.95,1279.62,1292.29,2024-02-22,1279.62
USD,1267.29,1279.96,1292.63,2024-02-23,1279.96
USD,1267.96,1280.63,1293.31,2024-02-26,1280.63
USD,1267.72,1280.4,1293.07,2024-02-27,1280.4
USD,1268.55,1281.23,1293.91,2024-02-28,1281.23
USD,1269.05,1281.74,1294.43,2024-02-29,1281.74
USD,1269.72,1282.41,1295.11,2024-03-01,1282.41
USD,1270.61,1283.31,1296.02,2024-03-04,1283.31
USD,1271.63,1284.34,1297.06,2024-03-05,1284.34
USD,1271.53,1284.25,1296.96,2024-03-06,1284.25
USD,1272.35,1285.07,1297.79,2024-03-07,1285.07
USD,1272.55,1285.28,1298.0,2024-03-08,1285.28
USD,1272.51,1285.24,1297.96,2024-03-11,1285.24
USD,1272.94,1285.67,1298.4,2024-03-12,1285.67
USD,1273.46,1286.2,1298.93,2024-03-13,1286.2
USD,1273.86,1286.59,1299.33,2024-03-14,1286.59
USD,1274.45,1287.19,1299.94,2024-03-15,1287.19
USD,1275.63,1288.38,1301.14,2024-03-18,1288.38
USD,1274.85,1287.59,1300.34,2024-03-19,1287.59
USD,1275.76,1288.51,1301.27,2024-03-20,1288.51
USD,1275.96,1288.72,1301.48,2024-03-21,1288.72
USD,1276.33,1289.09,1301.86,2024-03-22,1289.09
USD,1276.83,1289.6,1302.36,2024-03-25,1289.6
USD,1277.32,1290.09,1302.86,2024-03-26,1290.09
USD,1277.33,1290.1,1302.88,2024-03-27,1290.1
USD,1277.43,1290.2,1302.98,2024-03-28,1290.2
USD,1278.14,1290.92,1303.7,2024-04-02,1290.92
USD,1278.03,1290.81,1303.58,2024-04-03,1290.81
USD,1278.31,1291.09,1303.87,2024-04-04,1291.09
USD,1278.47,1291.26,1304.04,2024-04-05,1291.26
USD,1278.99,1291.78,1304.57,2024-04-09,1291.78
USD,1279.41,1292.21,1305.0,2024-04-11,1292.21
USD,1279.73,1292.53,1305.32,2024-04-12,1292.53
USD,1279.7,1292.49,1305.29,2024-04-15,1292.49
USD,1280.29,1293.09,1305.89,2024-04-16,1293.09
USD,1280.5,1293.31,1306.11,2024-04-17,1293.31
USD,1281.17,1293.98,1306.79,2024-04-18,1293.98
USD,1280.95,1293.76,1306.57,2024-04-19,1293.76
USD,1281.17,1293.98,1306.79,2024-04-22,1293.98
USD,1281.4,1294.22,1307.03,2024-04-23,1294.22
USD,1281.91,1294.73,1307.55,2024-04-24,1294.73
USD,1281.87,1294.69,1307.51,2024-04-25,1294.69
USD,1282.27,1295.09,1307.91,2024-04-26,1295.09
USD,1282.77,1295.59,1308.42,2024-04-29,1295.59
USD,1282.27,1295.09,1307.91,2024-04-30,1295.09
USD,1283.27,1296.1,1308.93,2024-05-02,1296.1
USD,1283.52,1296.35,1309.19,2024-05-03,1296.35
USD,1284.14,1296.98,1309.82,2024-05-06,1296.98
USD,1284.46,1297.3,1310.15,2024-05-07,1297.3
USD,1284.85,1297.7,1310.55,2024-05-08,1297.7
USD,1285.09,1297.94,1310.78,2024-05-09,1297.94
USD,1285.04,1297.89,1310.74,2024-05-10,1297.89
USD,1285.5,1298.35,1311.21,2024-05-13,1298.35
USD,1286.24,1299.1,1311.96,2024-05-14,1299.1
USD,1285.75,1298.6,1311.46,2024-05-15,1298.6
USD,1286.13,1298.99,1311.85,2024-05-16,1298.99
USD,1286.41,1299.27,1312.13,2024-05-17,1299.27
USD,1287.05,1299.91,1312.78,2024-05-20,1299.91
USD,1287.23,1300.1,1312.97,2024-05-21,1300.1
USD,1287.796521,1300.673186,1313.549851,2024-05-22,1300.673186
USD,1288.220849,1301.101756,1313.982663,2024-05-23,1301.101756
USD,1288.270353,1301.151755,1314.033157,2024-05-24,1301.151755
USD,1288.46,1301.34,1314.22,2024-05-27,1301.34
USD,1289.363586,1302.25592,1315.148254,2024-05-28,1302.25592
USD,1289.572216,1302.466636,1315.361056,2024-05-29,1302.466636
USD,1289.943504,1302.841636,1315.739768,2024-05-30,1302.841636
USD,1290.082327,1302.981847,1315.881367,2024-05-31,1302.981847
USD,1290.331053,1303.23306,1316.135067,2024-06-03,1303.23306
USD,1291.319955,1304.23185,1317.143745,2024-06-04,1304.23185
USD,1291.620158,1304.535055,1317.449952,2024-06-05,1304.535055
USD,1291.850004,1304.767199,1317.684394,2024-06-06,1304.767199
USD,1292.362733,1305.285055,1318.207377,2024-06-07,1305.285055
USD,1292.622045,1305.54696,1318.471875,2024-06-10,1305.54696
USD,1293.282115,1306.21363,1319.145145,2024-06-11,1306.21363
USD,1293.653401,1306.588628,1319.523855,2024-06-12,1306.588628
USD,1293.939115,1306.877199,1319.815283,2024-06-13,1306.877199
USD,1294.236144,1307.177198,1320.118252,2024-06-14,1307.177198
USD,1294.467166,1307.41053,1320.353894,2024-06-18,1307.41053
USD,1294.96,1307.91,1320.86,2024-06-19,1307.91
USD,1295.62,1308.58,1321.53,2024-06-20,1308.58
USD,1296.06,1309.02,1321.98,2024-06-21,1309.02
USD,1296.33,1309.3,1322.26,2024-06-24,1309.3
USD,1296.42,1309.38,1322.35,2024-06-25,1309.38
USD,1297.24,1310.21,1323.18,2024-06-26,1310.21
USD,1297.9,1310.88,1323.86,2024-06-27,1310.88
USD,1298.15,1311.13,1324.11,2024-06-28,1311.13
USD,1298.98,1311.97,1324.96,2024-07-02,1311.97
USD,1299.6,1312.59,1325.58,2024-07-03,1312.59
USD,1299.73,1312.73,1325.73,2024-07-05,1312.73
USD,1299.93,1312.93,1325.93,2024-07-08,1312.93
USD,1300.25,1313.25,1326.25,2024-07-09,1313.25
USD,1300.4,1313.4,1326.4,2024-07-10,1313.4
USD,1301.59,1314.6,1327.62,2024-07-11,1314.6
USD,1301.0,1314.01,1327.02,2024-07-12,1314.01
USD,1301.4,1314.41,1327.42,2024-07-17,1314.41
USD,1301.73,1314.74,1327.76,2024-07-18,1314.74
USD,1301.94,1314.96,1327.98,2024-07-19,1314.96
USD,1301.39,1314.4,1327.42,2024-07-22,1314.4
USD,1301.5,1314.52,1327.53,2024-07-23,1314.52
USD,1302.12,1315.14,1328.16,2024-07-24,1315.14
USD,1302.49,1315.51,1328.53,2024-07-25,1315.51
USD,1301.98,1315.0,1328.02,2024-07-26,1315.0
USD,1302.84,1315.87,1328.9,2024-07-29,1315.87
USD,1303.7,1316.74,1329.78,2024-07-30,1316.74
USD,1304.62,1317.67,1330.71,2024-07-31,1317.67
USD,1305.456067,1318.509309,1331.562551,2024-08-01,1318.509309
USD,1306.44,1319.5,1332.56,2024-08-05,1319.5
USD,1307.23,1320.3,1333.37,2024-08-06,1320.3
USD,1307.97,1321.05,1334.13,2024-08-07,1321.05
USD,1308.81,1321.9,1334.99,2024-08-08,1321.9
USD,1309.75,1322.85,1335.95,2024-08-09,1322.85
USD,1310.72,1323.83,1336.94,2024-08-13,1323.83
USD,1311.58,1324.7,1337.81,2024-08-14,1324.7
USD,1312.46,1325.58,1338.7,2024-08-16,1325.58
USD,1313.36,1326.49,1339.62,2024-08-19,1326.49
USD,1314.3,1327.44,1340.58,2024-08-20,1327.44
USD,1315.34,1328.49,1341.64,2024-08-21,1328.49
USD,1316.26,1329.42,1342.58,2024-08-22,1329.42
USD,1316.96,1330.13,1343.3,2024-08-23,1330.13
USD,1318.111524,1331.291308,1344.471092,2024-08-26,1331.291308
USD,1318.963012,1332.15131,1345.339608,2024-08-27,1332.15131
USD,1319.847863,1333.045009,1346.242155,2024-08-28,1333.045009
USD,1320.758966,1333.965222,1347.171478,2024-08-29,1333.965222
USD,1321.600869,1334.815543,1348.030217,2024-08-30,1334.815543
USD,1321.99,1335.21,1348.43,2024-09-02,1335.21
USD,1322.72,1335.94,1349.17,2024-09-03,1335.94
USD,1323.02,1336.25,1349.48,2024-09-04,1336.25
USD,1323.98,1337.22,1350.45,2024-09-05,1337.22
USD,1324.16,1337.4,1350.64,2024-09-06,1337.4
USD,1324.41,1337.65,1350.89,2024-09-09,1337.65
USD,1324.56,1337.8,1351.05,2024-09-10,1337.8
USD,1325.06,1338.31,1351.56,2024-09-11,1338.31
USD,1325.38,1338.63,1351.88,2024-09-12,1338.63
USD,1326.22,1339.48,1352.75,2024-09-13,1339.48
USD,1326.97,1340.23,1353.5,2024-09-16,1340.23
USD,1327.09,1340.36,1353.63,2024-09-17,1340.36
USD,1327.34,1340.61,1353.88,2024-09-18,1340.61
USD,1327.56,1340.84,1354.11,2024-09-19,1340.84
USD,1328.18,1341.46,1354.74,2024-09-20,1341.46
USD,1328.81,1342.09,1355.38,2024-09-23,1342.09
USD,1329.461567,1342.75484,1356.048113,2024-09-24,1342.75484
USD,1330.241957,1343.543033,1356.844109,2024-09-25,1343.543033
USD,1331.160582,1344.470843,1357.781104,2024-09-26,1344.470843
USD,1331.995907,1345.314521,1358.633135,2024-09-27,1345.314521
USD,1332.630768,1345.9557,1359.280692,2024-09-30,1345.9557
USD,1333.534037,1346.86803,1360.202023,2024-10-01,1346.86803
USD,1334.077247,1347.416672,1360.756097,2024-10-02,1347.416672
USD,1334.867347,1348.214672,1361.561997,2024-10-03,1348.214672
USD,1335.652249,1349.007422,1362.362595,2024-10-04,1349.007422
USD,1336.543339,1349.907422,1363.271505,2024-10-07,1349.907422
USD,1337.211614,1350.58238,1363.953146,2024-10-08,1350.58238
USD,1337.746495,1351.122609,1364.498723,2024-10-09,1351.122609
USD,1338.056774,1351.43599,1364.815206,2024-10-10,1351.43599
USD,1338.704696,1352.090391,1365.476086,2024-10-11,1352.090391
USD,1339.217957,1352.608784,1365.999611,2024-10-14,1352.608784
USD,1339.851746,1353.24891,1366.646074,2024-10-15,1353.24891
USD,1340.155743,1353.555947,1366.956151,2024-10-16,1353.555947
USD,1340.845153,1354.25225,1367.659347,2024-10-17,1354.25225
USD,1341.344582,1354.756673,1368.168764,2024-10-18,1354.756673
USD,1341.775375,1355.191774,1368.608173,2024-10-21,1355.191774
USD,1342.528838,1355.95277,1369.376702,2024-10-22,1355.95277
USD,1343.369983,1356.802326,1370.234669,2024-10-23,1356.802326
USD,1343.965253,1357.403548,1370.841843,2024-10-24,1357.403548
USD,1344.904581,1358.352268,1371.799955,2024-10-25,1358.352268
USD,1345.800173,1359.256815,1372.713457,2024-10-28,1359.256815
USD,1346.504881,1359.96857,1373.432259,2024-10-29,1359.96857
USD,1347.318932,1360.790761,1374.26259,2024-10-30,1360.790761
USD,1348.15807,1361.638289,1375.118508,2024-10-31,1361.638289
USD,1348.744853,1362.230939,1375.717025,2024-11-01,1362.230939
USD,1349.482477,1362.975939,1376.469401,2024-11-04,1362.975939
USD,1350.10141,1363.60106,1377.10071,2024-11-05,1363.60106
USD,1350.570288,1364.074627,1377.578966,2024-11-06,1364.074627
USD,1350.906625,1364.414327,1377.922029,2024-11-07,1364.414327
USD,1351.592667,1365.107229,1378.621791,2024-11-08,1365.107229
USD,1352.002581,1365.521241,1379.039901,2024-11-11,1365.521241
USD,1352.682323,1366.20778,1379.733237,2024-11-12,1366.20778
USD,1353.076099,1366.605493,1380.134887,2024-11-13,1366.605493
USD,1353.883496,1367.420964,1380.958432,2024-11-14,1367.420964
USD,1354.8188,1368.36562,1381.91244,2024-11-15,1368.36562
USD,1355.252714,1368.803872,1382.35503,2024-11-18,1368.803872
USD,1355.995455,1369.55404,1383.112625,2024-11-19,1369.55404
USD,1356.441385,1370.004429,1383.567473,2024-11-20,1370.004429
USD,1356.639405,1370.204429,1383.769453,2024-11-21,1370.204429
USD,1356.964367,1370.53264,1384.100913,2024-11-22,1370.53264
USD,1357.67627,1371.251661,1384.827052,2024-11-25,1371.251661
USD,1358.514537,1372.09831,1385.682083,2024-11-26,1372.09831
USD,1358.964249,1372.552519,1386.140789,2024-11-27,1372.552519
USD,1359.696449,1373.29204,1386.887631,2024-11-28,1373.29204
USD,1359.994706,1373.593279,1387.191852,2024-11-29,1373.593279
USD,1360.865498,1374.472779,1388.08006,2024-12-02,1374.472779
USD,1361.196609,1374.8072,1388.417791,2024-12-03,1374.8072
USD,1361.45009,1375.063216,1388.676342,2024-12-04,1375.063216
USD,1361.989341,1375.607859,1389.226377,2024-12-05,1375.607859
USD,1362.361077,1375.983312,1389.605547,2024-12-06,1375.983312
USD,1362.831721,1376.458662,1390.085603,2024-12-09,1376.458662
USD,1363.163611,1376.79387,1390.424129,2024-12-10,1376.79387
USD,1363.812527,1377.449275,1391.086023,2024-12-11,1377.449275
USD,1364.210931,1377.851662,1391.492393,2024-12-12,1377.851662
USD,1364.750466,1378.396592,1392.042718,2024-12-13,1378.396592
USD,1365.168101,1378.818403,1392.468705,2024-12-16,1378.818403
USD,1365.824722,1379.48159,1393.138458,2024-12-17,1379.48159
USD,1366.02376,1379.682618,1393.341476,2024-12-18,1379.682618
USD,1366.278004,1379.939404,1393.600804,2024-12-19,1379.939404
USD,1366.644401,1380.309465,1393.974529,2024-12-20,1380.309465
USD,1367.420041,1381.09286,1394.765679,2024-12-23,1381.09286
USD,1367.996388,1381.67497,1395.353552,2024-12-24,1381.67497
USD,1368.085443,1381.764916,1395.444389,2024-12-27,1381.764916
USD,1368.553114,1382.237263,1395.921412,2024-12-30,1382.237263
USD,1369.295767,1382.987342,1396.678917,2024-12-31,1382.987342
USD,1369.879926,1383.577342,1397.274758,2025-01-03,1383.577342
USD,1370.525689,1384.229562,1397.933435,2025-01-06,1384.229562
USD,1371.267007,1384.978292,1398.689577,2025-01-07,1384.978292
USD,1371.273351,1384.9847,1398.696049,2025-01-08,1384.9847
USD,1371.591642,1385.306173,1399.020704,2025-01-09,1385.306173
USD,1372.104879,1385.824542,1399.544205,2025-01-10,1385.824542
USD,1372.555732,1386.279903,1400.004074,2025-01-13,1386.279903
USD,1372.761957,1386.48819,1400.214423,2025-01-14,1386.48819
USD,1373.506241,1387.239916,1400.973591,2025-01-15,1387.239916
USD,1373.84314,1387.580184,1401.317228,2025-01-16,1387.580184
USD,1374.379705,1388.122114,1401.864523,2025-01-17,1388.122114
USD,1375.003688,1388.752336,1402.500984,2025-01-20,1388.752336
USD,1375.387682,1389.14017,1402.892658,2025-01-21,1389.14017
USD,1375.674405,1389.42976,1403.185115,2025-01-22,1389.42976
USD,1376.235242,1389.996204,1403.757166,2025-01-23,1389.996204
USD,1376.955815,1390.723982,1404.492149,2025-01-24,1390.723982
USD,1377.767905,1391.544193,1405.320481,2025-01-27,1391.544193
USD,1378.54121,1392.32523,1406.10925,2025-01-28,1392.32523
USD,1379.095661,1392.885225,1406.674789,2025-01-29,1392.885225
USD,1379.923956,1393.721802,1407.519648,2025-01-30,1393.721802
USD,1380.151679,1393.951802,1407.751925,2025-01-31,1393.951802
USD,1381.082371,1394.8918,1408.701229,2025-02-04,1394.8918
USD,1381.792627,1395.609158,1409.425689,2025-02-05,1395.609158
USD,1382.555004,1396.379158,1410.203312,2025-02-06,1396.379158
USD,1382.802529,1396.629158,1410.455787,2025-02-07,1396.629158
USD,1383.316754,1397.148524,1410.980294,2025-02-10,1397.148524
USD,1383.971047,1397.80936,1411.647673,2025-02-11,1397.80936
USD,1384.57055,1398.414857,1412.259164,2025-02-12,1398.414857
USD,1385.016314,1398.865078,1412.713842,2025-02-13,1398.865078
USD,1385.748756,1399.604844,1413.460932,2025-02-14,1399.604844
USD,1386.636696,1400.501662,1414.366628,2025-02-17,1400.501662
USD,1387.391051,1401.26356,1415.136069,2025-02-18,1401.26356
USD,1388.229307,1402.110198,1415.991089,2025-02-19,1402.110198
USD,1388.647969,1402.533046,1416.418123,2025-02-20,1402.533046
USD,1389.414188,1403.306927,1417.199666,2025-02-21,1403.306927
USD,1389.572604,1403.466927,1417.36125,2025-02-24,1403.466927
USD,1390.34039,1404.24239,1418.14439,2025-02-25,1404.24239
USD,1390.687175,1404.592642,1418.498109,2025-02-26,1404.592642
USD,1390.982861,1404.891285,1418.799709,2025-02-27,1404.891285
USD,1391.507614,1405.421285,1419.334956,2025-02-28,1405.421285
USD,1392.383302,1406.305729,1420.228156,2025-03-03,1406.305729
USD,1393.349958,1407.28205,1421.214142,2025-03-04,1407.28205
USD,1394.086648,1408.026106,1421.965564,2025-03-05,1408.026106
USD,1394.385748,1408.328197,1422.270646,2025-03-06,1408.328197
USD,1394.933153,1408.881076,1422.828999,2025-03-07,1408.881076
USD,1395.147675,1409.097743,1423.047811,2025-03-10,1409.097743
USD,1395.682326,1409.63774,1423.593154,2025-03-11,1409.63774
USD,1395.975534,1409.933879,1423.892224,2025-03-12,1409.933879
USD,1396.461703,1410.42491,1424.388117,2025-03-13,1410.42491
USD,1396.743783,1410.70981,1424.675837,2025-03-14,1410.70981
USD,1397.177221,1411.147582,1425.117943,2025-03-17,1411.147582
USD,1397.806913,1411.78357,1425.760227,2025-03-18,1411.78357
USD,1398.619536,1412.604319,1426.589102,2025-03-19,1412.604319
USD,1399.288693,1413.280167,1427.271641,2025-03-20,1413.280167
USD,1399.393877,1413.386402,1427.378927,2025-03-21,1413.386402
USD,1399.613107,1413.607824,1427.602541,2025-03-24,1413.607824
USD,1399.842954,1413.83997,1427.836986,2025-03-25,1413.83997
USD,1400.211491,1414.212192,1428.212893,2025-03-26,1414.212192
USD,1400.480037,1414.483423,1428.486809,2025-03-27,1414.483423
USD,1400.946408,1414.954457,1428.962506,2025-03-28,1414.954457
USD,1401.182055,1415.19246,1429.202865,2025-04-01,1415.19246
USD,1401.666569,1415.681819,1429.697069,2025-04-02,1415.681819
USD,1401.791003,1415.807497,1429.823991,2025-04-03,1415.807497
USD,1401.518726,1415.532498,1429.54627,2025-04-04,1415.532498
USD,1401.766253,1415.7825,1429.798747,2025-04-08,1415.7825
USD,1401.964271,1415.982498,1430.000725,2025-04-09,1415.982498
USD,1401.55833,1415.572498,1429.586666,2025-04-10,1415.572498
USD,1401.782093,1415.798498,1429.814903,2025-04-11,1415.798498
USD,1401.8514,1415.868498,1429.885596,2025-04-14,1415.868498
USD,1401.999917,1416.0185,1430.037083,2025-04-15,1416.0185
USD,1401.688033,1415.703498,1429.718963,2025-04-16,1415.703498
USD,1401.420706,1415.433498,1429.44629,2025-04-17,1415.433498
USD,1401.202884,1415.213498,1429.224112,2025-04-22,1415.213498
USD,1401.292036,1415.303541,1429.315047,2025-04-23,1415.303541
USD,1401.787086,1415.803541,1429.819997,2025-04-24,1415.803541
USD,1402.178176,1416.198541,1430.218907,2025-04-25,1416.198541
USD,1402.212829,1416.233541,1430.254253,2025-04-28,1416.233541
USD,1402.52966,1416.55354,1430.57742,2025-04-29,1416.55354
USD,1402.942533,1416.970541,1430.99855,2025-04-30,1416.970541
USD,1403.259365,1417.290541,1431.321718,2025-05-05,1417.290541
USD,1403.41778,1417.45054,1431.4833,2025-05-06,1417.45054
USD,1403.764316,1417.800541,1431.836767,2025-05-07,1417.800541
USD,1404.176188,1418.216531,1432.256875,2025-05-08,1418.216531
USD,1404.739166,1418.785139,1432.831112,2025-05-09,1418.785139
USD,1405.229187,1419.280059,1433.330932,2025-05-12,1419.280059
USD,1405.318296,1419.37006,1433.421824,2025-05-13,1419.37006
USD,1405.491563,1419.545059,1433.598555,2025-05-14,1419.545059
USD,1405.174611,1419.224938,1433.275265,2025-05-15,1419.224938
USD,1404.743919,1418.789939,1432.835959,2025-05-16,1418.789939
USD,1404.856117,1418.903259,1432.950401,2025-05-19,1418.903259
USD,1404.598692,1418.64326,1432.687828,2025-05-20,1418.64326
USD,1404.554124,1418.598247,1432.64237,2025-05-21,1418.598247
USD,1404.679943,1418.725324,1432.770705,2025-05-22,1418.725324
USD,1404.78497,1418.831401,1432.877832,2025-05-23,1418.831401
USD,1405.200812,1419.251401,1433.30199,2025-05-26,1419.251401
USD,1404.98794,1419.0364,1433.08486,2025-05-27,1419.0364
USD,1405.324574,1419.3764,1433.428226,2025-05-28,1419.3764
USD,1405.824574,1419.8814,1433.938226,2025-05-29,1419.8814
USD,1405.740415,1419.796399,1433.852383,2025-05-30,1419.796399
USD,1406.447079,1420.510129,1434.573179,2025-06-02,1420.510129
USD,1407.199566,1421.27014,1435.340714,2025-06-03,1421.27014
USD,1407.575804,1421.65014,1435.724476,2025-06-04,1421.65014
USD,1406.93719,1421.005141,1435.073092,2025-06-05,1421.005141
USD,1408.93719,1422.030399,1435.123608,2025-06-09,1422.030399
USD,1410.43719,1422.88096,1435.32473,2025-06-10,1422.88096
USD,1410.93832,1423.241351,1435.544382,2025-06-11,1423.241351
USD,1411.66146,1423.699459,1435.737457,2025-06-12,1423.699459
USD,1412.28276,1424.116214,1435.949668,2025-06-13,1424.116214
USD,1413.78276,1424.991321,1436.199881,2025-06-16,1424.991321
USD,1416.678541,1426.59028,1436.502013,2025-06-17,1426.59028
USD,1418.499882,1427.606108,1436.712334,2025-06-18,1427.606108
USD,1420.603093,1428.758374,1436.913655,2025-06-19,1428.758374
USD,1422.556308,1429.832142,1437.107976,2025-06-20,1429.832142
USD,1424.577649,1430.947928,1437.318207,2025-06-23,1430.947928
USD,1427.518438,1432.51844,1437.518438,2025-06-24,1432.51844
USD,1427.698561,1432.698606,1437.69865,2025-06-25,1432.698606
USD,1427.821584,1432.821584,1437.821584,2025-06-26,1432.821584
USD,1427.931797,1432.931797,1437.931797,2025-06-27,1432.931797
USD,1428.018438,1433.018438,1438.018438,2025-06-30,1433.018438
USD,1428.398459,1433.398459,1438.398459,2025-07-07,1433.398459
USD,1428.80059,1433.80059,1438.80059,2025-07-08,1433.80059
USD,1429.291806,1434.291806,1439.291806,2025-07-09,1434.291806
USD,1429.723031,1434.723031,1439.723031,2025-07-10,1434.723031
USD,1430.168438,1435.168438,1440.168438,2025-07-11,1435.168438
USD,1430.660551,1435.660551,1440.660551,2025-07-14,1435.660551
USD,1431.17076,1436.17076,1441.17076,2025-07-15,1436.17076
USD,1431.672896,1436.672896,1441.672896,2025-07-16,1436.672896
USD,1432.163518,1437.163518,1442.163518,2025-07-17,1437.163518
USD,1432.618438,1437.618438,1442.618438,2025-07-18,1437.618438
USD,1433.17857,1438.17857,1443.17857,2025-07-21,1438.17857
USD,1433.63878,1438.63878,1443.63878,2025-07-22,1438.63878
USD,1434.136101,1439.136101,1444.136101,2025-07-23,1439.136101
USD,1434.654422,1439.654422,1444.654422,2025-07-24,1439.654422
USD,1435.157638,1440.157638,1445.157638,2025-07-25,1440.157638
USD,1435.677851,1440.677851,1445.677851,2025-07-28,1440.677851
USD,1435.71806,1440.71806,1445.71806,2025-07-29,1440.71806
USD,1435.858064,1440.858064,1445.858064,2025-07-30,1440.858064
USD,1436.016385,1441.016385,1446.016385,2025-07-31,1441.016385
USD,1436.526706,1441.526706,1446.526706,2025-08-04,1441.526706
USD,1437.02503,1442.02503,1447.02503,2025-08-05,1442.02503
USD,1437.533243,1442.533243,1447.533243,2025-08-06,1442.533243
USD,1438.043456,1443.043456,1448.043456,2025-08-07,1443.043456
USD,1438.539288,1443.539288,1448.539288,2025-08-08,1443.539288
USD,1439.03,1444.03,1449.03,2025-08-11,1444.03
USD,1439.14,1444.14,1449.14,2025-08-12,1444.14
USD,1439.27,1444.27,1449.27,2025-08-13,1444.27
USD,1439.5,1444.5,1449.5,2025-08-14,1444.5
USD,1439.64,1444.64,1449.64,2025-08-18,1444.64
USD,1439.795,1444.795,1449.795,2025-08-19,1444.795
USD,1439.89,1444.89,1449.89,2025-08-20,1444.89
USD,1439.925,1444.925,1449.925,2025-08-21,1444.925
USD,1440.005,1445.005,1450.005,2025-08-22,1445.005
USD,1439.975,1444.975,1449.975,2025-08-25,1444.975
USD,1440.14,1445.14,1450.14,2025-08-26,1445.14
USD,1440.245,1445.245,1450.245,2025-08-27,1445.245
USD,1440.39,1445.39,1450.39,2025-08-28,1445.39
USD,1440.505,1445.505,1450.505,2025-08-29,1445.505
USD,1440.65,1445.65,1450.65,2025-09-01,1445.65
USD,1440.785,1445.785,1450.785,2025-09-02,1445.785
USD,1440.825,1445.825,1450.825,2025-09-03,1445.825
USD,1440.915,1445.915,1450.915,2025-09-04,1445.915
USD,1440.995,1445.995,1450.995,2025-09-05,1445.995
USD,1441.095,1446.095,1451.095,2025-09-08,1446.095
USD,1441.165,1446.165,1451.165,2025-09-09,1446.165
USD,1441.355,1446.355,1451.355,2025-09-10,1446.355
USD,1441.49,1446.49,1451.49,2025-09-11,1446.49
USD,1441.6,1446.6,1451.6,2025-09-12,1446.6
USD,1441.75,1446.75,1451.75,2025-09-15,1446.75
USD,1441.94,1446.94,1451.94,2025-09-16,1446.94
USD,1442.02,1447.02,1452.02,2025-09-17,1447.02
USD,1442.145,1447.145,1452.145,2025-09-18,1447.145
USD,1442.215,1447.215,1452.215,2025-09-19,1447.215
USD,1442.33,1447.33,1452.33,2025-09-22,1447.33
USD,1442.475,1447.475,1452.475,2025-09-23,1447.475
USD,1442.435,1447.435,1452.435,2025-09-24,1447.435
USD,1442.51,1447.51,1452.51,2025-09-25,1447.51
USD,1442.675,1447.675,1452.675,2025-09-26,1447.675
USD,1442.77,1447.77,1452.77,2025-09-29,1447.77
USD,1442.96,1447.96,1452.96,2025-09-30,1447.96
USD,1443.07,1448.07,1453.07,2025-10-01,1448.07
USD,1443.185,1448.185,1453.185,2025-10-02,1448.185
USD,1443.255,1448.255,1453.255,2025-10-03,1448.255
USD,1443.35,1448.35,1453.35,2025-10-06,1448.35
USD,1443.395,1448.395,1453.395,2025-10-07,1448.395
USD,1443.48,1448.48,1453.48,2025-10-08,1448.48
USD,1443.63,1448.63,1453.63,2025-10-09,1448.63
USD,1443.64,1448.64,1453.64,2025-10-10,1448.64
USD,1443.665,1448.665,1453.665,2025-10-13,1448.665
USD,1443.773,1448.773,1453.773,2025-10-14,1448.773
USD,1443.815,1448.815,1453.815,2025-10-15,1448.815
USD,1443.915,1448.915,1453.915,2025-10-16,1448.915
USD,1443.96,1448.96,1453.96,2025-10-17,1448.96
USD,1444.14,1449.14,1454.14,2025-10-20,1449.14
USD,1444.155,1449.155,1454.155,2025-10-21,1449.155
USD,1444.265,1449.265,1454.265,2025-10-22,1449.265
USD,1444.35,1449.35,1454.35,2025-10-23,1449.35
USD,1444.46,1449.46,1454.46,2025-10-24,1449.46
USD,1444.47,1449.47,1454.47,2025-10-27,1449.47
USD,1444.71,1449.71,1454.71,2025-10-28,1449.71
USD,1444.695,1449.695,1454.695,2025-10-29,1449.695
USD,1444.795,1449.795,1454.795,2025-10-30,1449.795
USD,1444.87,1449.87,1454.87,2025-10-31,1449.87
USD,1444.89,1449.89,1454.89,2025-11-03,1449.89
USD,1444.985,1449.985,1454.985,2025-11-04,1449.985
USD,1445.095,1450.095,1455.095,2025-11-05,1450.095
USD,1445.165,1450.165,1455.165,2025-11-06,1450.165
USD,1445.265,1450.265,1455.265,2025-11-07,1450.265
USD,1445.33,1450.33,1455.33,2025-11-10,1450.33
USD,1445.44,1450.44,1455.44,2025-11-11,1450.44
USD,1445.5,1450.5,1455.5,2025-11-12,1450.5
USD,1445.58,1450.58,1455.58,2025-11-13,1450.58
USD,1445.675,1450.675,1455.675,2025-11-14,1450.675
USD,1445.74,1450.74,1455.74,2025-11-17,1450.74
USD,1445.825,1450.825,1455.825,2025-11-18,1450.825
USD,1445.9,1450.9,1455.9,2025-11-19,1450.9
USD,1445.93,1450.93,1455.93,2025-11-20,1450.93
USD,1446.015,1451.015,1456.015,2025-11-21,1451.015
USD,1446.05,1451.05,1456.05,2025-11-24,1451.05
USD,1446.175,1451.175,1456.175,2025-11-25,1451.175
USD,1446.24,1451.24,1456.24,2025-11-26,1451.24
USD,1446.335,1451.335,1456.335,2025-11-27,1451.335
USD,1446.435,1451.435,1456.435,2025-11-28,1451.435
USD,1446.51,1451.51,1456.51,2025-12-01,1451.51
USD,1446.59,1451.59,1456.59,2025-12-02,1451.59
USD,1446.665,1451.665,1456.665,2025-12-03,1451.665
USD,1446.76,1451.76,1456.76,2025-12-04,1451.76
USD,1446.83,1451.83,1456.83,2025-12-05,1451.83
USD,1446.915,1451.915,1456.915,2025-12-08,1451.915
USD,1446.99,1451.99,1456.99,2025-12-09,1451.99
USD,1447.05,1452.05,1457.05,2025-12-10,1452.05
USD,1447.130023,1452.130023,1457.130023,2025-12-11,1452.130023
USD,1447.195,1452.195,1457.195,2025-12-12,1452.195
USD,1447.285,1452.285,1457.285,2025-12-15,1452.285
USD,1447.36,1452.36,1457.36,2025-12-16,1452.36
USD,1447.43,1452.43,1457.43,2025-12-17,1452.43
USD,1447.525,1452.525,1457.525,2025-12-18,1452.525
USD,1447.605,1452.605,1457.605,2025-12-19,1452.605
USD,1447.675,1452.675,1457.675,2025-12-22,1452.675
USD,1447.76,1452.76,1457.76,2025-12-23,1452.76
USD,1447.85,1452.85,1457.85,2025-12-24,1452.85
USD,1447.925,1452.925,1457.925,2025-12-29,1452.925
USD,1448.015,1453.015,1458.015,2025-12-30,1453.015
USD,1448.075,1453.075,1458.075,2025-12-31,1453.075
USD,1448.165,1453.165,1458.165,2026-01-05,1453.165
USD,1448.26,1453.26,1458.26,2026-01-06,1453.26
USD,1448.33,1453.33,1458.33,2026-01-07,1453.33
USD,1448.415,1453.415,1458.415,2026-01-08,1453.415
USD,1448.51,1453.51,1458.51,2026-01-09,1453.51
USD,1448.59,1453.59,1458.59,2026-01-12,1453.59
USD,1448.685,1453.685,1458.685,2026-01-13,1453.685
USD,1448.7785,1453.7785,1458.7785,2026-01-14,1453.7785
USD,1448.875,1453.875,1458.875,2026-01-15,1453.875
USD,1448.965,1453.965,1458.965,2026-01-16,1453.965
USD,1449.085,1454.085,1459.085,2026-01-19,1454.085
USD,1449.19,1454.19,1459.19,2026-01-20,1454.19
USD,1449.255,1454.255,1459.255,2026-01-21,1454.255
USD,1449.35,1454.35,1459.35,2026-01-22,1454.35
USD,1449.48,1454.48,1459.48,2026-01-23,1454.48
USD,1449.595,1454.595,1459.595,2026-01-26,1454.595
USD,1449.7,1454.7,1459.7,2026-01-27,1454.7
USD,1449.79,1454.79,1459.79,2026-01-28,1454.79
USD,1449.9,1454.9,1459.9,2026-01-29,1454.9
USD,1450.05,1455.05,1460.05,2026-01-30,1455.05
USD,1450.15,1455.15,1460.15,2026-02-03,1455.15
USD,1450.255,1455.255,1460.255,2026-02-04,1455.255
USD,1450.35,1455.35,1460.35,2026-02-05,1455.35
USD,1450.5,1455.5,1460.5,2026-02-06,1455.5
USD,1450.615,1455.615,1460.615,2026-02-09,1455.615
USD,1450.77,1455.77,1460.77,2026-02-10,1455.77
USD,1450.89,1455.89,1460.89,2026-02-11,1455.89
USD,1451.04,1456.04,1461.04,2026-02-12,1456.04
USD,1451.21,1456.21,1461.21,2026-02-13,1456.21
USD,1451.375,1456.375,1461.375,2026-02-16,1456.375
USD,1451.57,1456.57,1461.57,2026-02-17,1456.57
USD,1451.705,1456.705,1461.705,2026-02-18,1456.705
USD,1451.855,1456.855,1461.855,2026-02-19,1456.855
USD,1452.045265,1457.045265,1462.045265,2026-02-20,1457.045265
USD,1452.2,1457.2,1462.2,2026-02-23,1457.2
USD,1452.365,1457.365,1462.365,2026-02-24,1457.365
USD,1452.54,1457.54,1462.54,2026-02-25,1457.54
USD,1452.69,1457.69,1462.69,2026-02-26,1457.69
USD,1452.825,1457.825,1462.825,2026-02-27,1457.825
USD,1452.97,1457.97,1462.97,2026-03-02,1457.97
USD,1453.11,1458.11,1463.11,2026-03-03,1458.11
USD,1453.27,1458.27,1463.27,2026-03-04,1458.27
USD,1453.42,1458.42,1463.42,2026-03-05,1458.42
USD,1453.59,1458.59,1463.59,2026-03-06,1458.59
USD,1453.74,1458.74,1463.74,2026-03-09,1458.74
USD,1453.905,1458.905,1463.905,2026-03-10,1458.905
USD,1454.01,1459.01,1464.01,2026-03-11,1459.01
USD,1454.135,1459.135,1464.135,2026-03-12,1459.135
USD,1454.335,1459.335,1464.335,2026-03-13,1459.335
USD,1454.485,1459.485,1464.485,2026-03-16,1459.485
USD,1454.625,1459.625,1464.625,2026-03-17,1459.625
USD,1454.74,1459.74,1464.74,2026-03-18,1459.74
USD,1454.9,1459.9,1464.9,2026-03-19,1459.9
USD,1455.04,1460.04,1465.04,2026-03-23,1460.04
USD,1455.17,1460.17,1465.17,2026-03-24,1460.17
USD,1455.215,1460.215,1465.215,2026-03-25,1460.215
USD,1455.305,1460.305,1465.305,2026-03-26,1460.305
USD,1455.37,1460.37,1465.37,2026-03-27,1460.37
USD,1455.4,1460.4,1465.4,2026-03-30,1460.4
USD,1455.45,1460.45,1465.45,2026-03-31,1460.45
USD,1455.535,1460.535,1465.535,2026-04-01,1460.535
USD,1455.615,1460.615,1465.615,2026-04-02,1460.615
USD,1455.685,1460.685,1465.685,2026-04-08,1460.685
USD,1455.78,1460.78,1465.78,2026-04-09,1460.78
USD,1455.86,1460.86,1465.86,2026-04-10,1460.86
USD,1455.955,1460.955,1465.955,2026-04-13,1460.955
USD,1456.04,1461.04,1466.04,2026-04-14,1461.04
USD,1456.13,1461.13,1466.13,2026-04-15,1461.13
USD,1456.225,1461.225,1466.225,2026-04-16,1461.225
USD,1456.295,1461.295,1466.295,2026-04-17,1461.295
USD,1456.38,1461.38,1466.38,2026-04-20,1461.38
USD,1456.475,1461.475,1466.475,2026-04-21,1461.475
USD,1456.565,1461.565,1466.565,2026-04-22,1461.565
USD,1456.63,1461.63,1466.63,2026-04-23,1461.63
USD,1456.725,1461.725,1466.725,2026-04-24,1461.725
USD,1456.795,1461.795,1466.795,2026-04-27,1461.795
USD,1456.89,1461.89,1466.89,2026-04-28,1461.89
USD,1456.975,1461.975,1466.975,2026-04-29,1461.975
USD,1457.0475,1462.0475,1467.0475,2026-04-30,1462.0475
USD,1457.115,1462.115,1467.115,2026-05-04,1462.115
USD,1457.19,1462.19,1467.19,2026-05-05,1462.19
USD,1457.285,1462.285,1467.285,2026-05-06,1462.285
USD,1457.345,1462.345,1467.345,2026-05-07,1462.345
USD,1457.43,1462.43,1467.43,2026-05-08,1462.43
USD,1457.5,1462.5,1467.5,2026-05-11,1462.5
USD,1457.595,1462.595,1467.595,2026-05-12,1462.595
USD,1457.6925,1462.6925,1467.6925,2026-05-13,1462.6925
USD,1457.785,1462.785,1467.785,2026-05-14,1462.785
USD,1457.88,1462.88,1467.88,2026-05-15,1462.88
USD,1457.97,1462.97,1467.97,2026-05-18,1462.97
USD,1458.065,1463.065,1468.065,2026-05-19,1463.065
USD,1458.1625,1463.1625,1468.1625,2026-05-20,1463.1625
USD,1458.255,1463.255,1468.255,2026-05-21,1463.255
USD,1458.3525,1463.3525,1468.3525,2026-05-22,1463.3525
USD,1458.4515,1463.4515,1468.4515,2026-05-25,1463.4515
USD,1458.545,1463.545,1468.545,2026-05-26,1463.545
USD,1458.64,1463.64,1468.64,2026-05-28,1463.64
USD,1458.725,1463.725,1468.725,2026-05-29,1463.725
USD,1458.82,1463.82,1468.82,2026-06-01,1463.82
USD,1458.9175,1463.9175,1468.9175,2026-06-02,1463.9175
USD,1459.015,1464.015,1469.015,2026-06-03,1464.015
USD,1459.095,1464.095,1469.095,2026-06-04,1464.095
USD,1459.182,1464.182,1469.182,2026-06-05,1464.182
USD,1459.279,1464.279,1469.279,2026-06-08,1464.279
USD,1459.36,1464.36,1469.36,2026-06-09,1464.36
USD,1459.45,1464.45,1469.45,2026-06-10,1464.45
USD,1459.545,1464.545,1469.545,2026-06-11,1464.545
USD,1459.615,1464.615,1469.615,2026-06-12,1464.615
USD,1459.705,1464.705,1469.705,2026-06-15,1464.705
USD,1459.8,1464.8,1469.8,2026-06-16,1464.8
USD,1459.89,1464.89,1469.89,2026-06-17,1464.89
USD,1459.985,1464.985,1469.985,2026-06-18,1464.985
USD,1460.07,1465.07,1470.07,2026-06-19,1465.07
USD,1460.165,1465.165,1470.165,2026-06-22,1465.165
USD,1460.26,1465.26,1470.26,2026-06-23,1465.26
USD,1460.35,1465.35,1470.35,2026-06-24,1465.35
USD,1460.445,1465.445,1470.445,2026-06-25,1465.445
