date,currency,buying_rate,average_rate,selling_rate,mid_rate,is_official_observation
2022-06-26,USD,1013.97,1024.1,1034.24,1024.1,0
2022-06-27,USD,1013.97,1024.1,1034.24,1024.1,1
2022-06-28,USD,1013.77,1023.9,1034.04,1023.9,1
2022-06-29,USD,1014.06,1024.2,1034.34,1024.2,1
2022-06-30,USD,1014.34,1024.48,1034.62,1024.48,1
2022-07-01,USD,1014.34,1024.48,1034.62,1024.48,0
2022-07-02,USD,1014.34,1024.48,1034.62,1024.48,0
2022-07-03,USD,1014.34,1024.48,1034.62,1024.48,0
2022-07-04,USD,1014.34,1024.48,1034.62,1024.48,0
2022-07-05,USD,1014.48,1024.62,1034.77,1024.62,1
2022-07-06,USD,1014.69,1024.83,1034.98,1024.83,1
2022-07-07,USD,1014.95,1025.1,1035.25,1025.1,1
2022-07-08,USD,1015.07,1025.22,1035.37,1025.22,1
2022-07-09,USD,1015.07,1025.22,1035.37,1025.22,0
2022-07-10,USD,1015.07,1025.22,1035.37,1025.22,0
2022-07-11,USD,1015.07,1025.22,1035.37,1025.22,0
2022-07-12,USD,1015.15,1025.3,1035.45,1025.3,1
2022-07-13,USD,1015.32,1025.47,1035.63,1025.47,1
2022-07-14,USD,1015.57,1025.72,1035.88,1025.72,1
2022-07-15,USD,1015.8,1025.95,1036.11,1025.95,1
2022-07-16,USD,1015.8,1025.95,1036.11,1025.95,0
2022-07-17,USD,1015.8,1025.95,1036.11,1025.95,0
2022-07-18,USD,1016.13,1026.29,1036.45,1026.29,1
2022-07-19,USD,1016.32,1026.48,1036.65,1026.48,1
2022-07-20,USD,1016.6,1026.76,1036.93,1026.76,1
2022-07-21,USD,1016.9,1027.06,1037.23,1027.06,1
2022-07-22,USD,1017.18,1027.35,1037.53,1027.35,1
2022-07-23,USD,1017.18,1027.35,1037.53,1027.35,0
2022-07-24,USD,1017.18,1027.35,1037.53,1027.35,0
2022-07-25,USD,1017.51,1027.68,1037.85,1027.68,1
2022-07-26,USD,1017.79,1027.97,1038.15,1027.97,1
2022-07-27,USD,1018.1,1028.28,1038.46,1028.28,1
2022-07-28,USD,1018.4,1028.58,1038.76,1028.58,1
2022-07-29,USD,1018.64,1028.82,1039.01,1028.82,1
2022-07-30,USD,1018.64,1028.82,1039.01,1028.82,0
2022-07-31,USD,1018.64,1028.82,1039.01,1028.82,0
2022-08-01,USD,1018.88,1029.07,1039.26,1029.07,1
2022-08-02,USD,1019.09,1029.28,1039.47,1029.28,1
2022-08-03,USD,1019.38,1029.57,1039.76,1029.57,1
2022-08-04,USD,1019.7,1029.89,1040.09,1029.89,1
2022-08-05,USD,1019.7,1029.89,1040.09,1029.89,0
2022-08-06,USD,1019.7,1029.89,1040.09,1029.89,0
2022-08-07,USD,1019.7,1029.89,1040.09,1029.89,0
2022-08-08,USD,1019.99,1030.19,1040.39,1030.19,1
2022-08-09,USD,1020.22,1030.42,1040.62,1030.42,1
2022-08-10,USD,1020.54,1030.74,1040.95,1030.74,1
2022-08-11,USD,1020.83,1031.03,1041.24,1031.03,1
2022-08-12,USD,1021.12,1031.33,1041.54,1031.33,1
2022-08-13,USD,1021.12,1031.33,1041.54,1031.33,0
2022-08-14,USD,1021.12,1031.33,1041.54,1031.33,0
2022-08-15,USD,1021.12,1031.33,1041.54,1031.33,0
2022-08-16,USD,1021.4,1031.61,1041.83,1031.61,1
2022-08-17,USD,1021.71,1031.92,1042.14,1031.92,1
2022-08-18,USD,1021.92,1032.14,1042.36,1032.14,1
2022-08-19,USD,1022.18,1032.4,1042.62,1032.4,1
2022-08-20,USD,1022.18,1032.4,1042.62,1032.4,0
2022-08-21,USD,1022.18,1032.4,1042.62,1032.4,0
2022-08-22,USD,1022.46,1032.68,1042.91,1032.68,1
2022-08-23,USD,1022.76,1032.98,1043.21,1032.98,1
2022-08-24,USD,1023.04,1033.27,1043.5,1033.27,1
2022-08-25,USD,1023.22,1033.45,1043.69,1033.45,1
2022-08-26,USD,1023.56,1033.79,1044.03,1033.79,1
2022-08-27,USD,1023.56,1033.79,1044.03,1033.79,0
2022-08-28,USD,1023.56,1033.79,1044.03,1033.79,0
2022-08-29,USD,1023.81,1034.04,1044.28,1034.04,1
2022-08-30,USD,1024.19,1034.44,1044.68,1034.44,1
2022-08-31,USD,1024.48,1034.73,1044.97,1034.73,1
2022-09-01,USD,1024.81,1035.06,1045.3,1035.06,1
2022-09-02,USD,1025.19,1035.45,1045.7,1035.45,1
2022-09-03,USD,1025.19,1035.45,1045.7,1035.45,0
2022-09-04,USD,1025.19,1035.45,1045.7,1035.45,0
2022-09-05,USD,1025.52,1035.78,1046.03,1035.78,1
2022-09-06,USD,1025.87,1036.13,1046.38,1036.13,1
2022-09-07,USD,1026.21,1036.47,1046.73,1036.47,1
2022-09-08,USD,1026.54,1036.81,1047.07,1036.81,1
2022-09-09,USD,1026.83,1037.1,1047.36,1037.1,1
2022-09-10,USD,1026.83,1037.1,1047.36,1037.1,0
2022-09-11,USD,1026.83,1037.1,1047.36,1037.1,0
2022-09-12,USD,1027.07,1037.34,1047.61,1037.34,1
2022-09-13,USD,1027.39,1037.67,1047.94,1037.67,1
2022-09-14,USD,1027.7,1037.98,1048.25,1037.98,1
2022-09-15,USD,1028.0,1038.28,1048.56,1038.28,1
2022-09-16,USD,1028.29,1038.57,1048.85,1038.57,1
2022-09-17,USD,1028.29,1038.57,1048.85,1038.57,0
2022-09-18,USD,1028.29,1038.57,1048.85,1038.57,0
2022-09-19,USD,1028.64,1038.93,1049.21,1038.93,1
2022-09-20,USD,1028.98,1039.27,1049.56,1039.27,1
2022-09-21,USD,1029.33,1039.62,1049.91,1039.62,1
2022-09-22,USD,1029.65,1039.95,1050.24,1039.95,1
2022-09-23,USD,1029.93,1040.23,1050.53,1040.23,1
2022-09-24,USD,1029.93,1040.23,1050.53,1040.23,0
2022-09-25,USD,1029.93,1040.23,1050.53,1040.23,0
2022-09-26,USD,1030.28,1040.58,1050.88,1040.58,1
2022-09-27,USD,1030.65,1040.95,1051.26,1040.95,1
2022-09-28,USD,1031.04,1041.35,1051.66,1041.35,1
2022-09-29,USD,1031.34,1041.65,1051.96,1041.65,1
2022-09-30,USD,1031.61,1041.93,1052.24,1041.93,1
2022-10-01,USD,1031.61,1041.93,1052.24,1041.93,0
2022-10-02,USD,1031.61,1041.93,1052.24,1041.93,0
2022-10-03,USD,1031.86,1042.18,1052.5,1042.18,1
2022-10-04,USD,1032.19,1042.51,1052.83,1042.51,1
2022-10-05,USD,1032.46,1042.78,1053.1,1042.78,1
2022-10-06,USD,1032.72,1043.05,1053.38,1043.05,1
2022-10-07,USD,1033.22,1043.55,1053.88,1043.55,1
2022-10-08,USD,1033.22,1043.55,1053.88,1043.55,0
2022-10-09,USD,1033.22,1043.55,1053.88,1043.55,0
2022-10-10,USD,1033.8,1044.13,1054.47,1044.13,1
2022-10-11,USD,1034.29,1044.63,1054.97,1044.63,1
2022-10-12,USD,1034.67,1045.02,1055.36,1045.02,1
2022-10-13,USD,1035.16,1045.51,1055.86,1045.51,1
2022-10-14,USD,1035.7,1046.05,1056.41,1046.05,1
2022-10-15,USD,1035.7,1046.05,1056.41,1046.05,0
2022-10-16,USD,1035.7,1046.05,1056.41,1046.05,0
2022-10-17,USD,1036.04,1046.4,1056.76,1046.4,1
2022-10-18,USD,1036.09,1046.45,1056.81,1046.45,1
2022-10-19,USD,1036.37,1046.73,1057.09,1046.73,1
2022-10-20,USD,1036.45,1046.81,1057.18,1046.81,1
2022-10-21,USD,1036.68,1047.04,1057.41,1047.04,1
2022-10-22,USD,1036.68,1047.04,1057.41,1047.04,0
2022-10-23,USD,1036.68,1047.04,1057.41,1047.04,0
2022-10-24,USD,1036.75,1047.11,1057.48,1047.11,1
2022-10-25,USD,1037.24,1047.61,1057.98,1047.61,1
2022-10-26,USD,1037.36,1047.73,1058.1,1047.73,1
2022-10-27,USD,1037.71,1048.09,1058.46,1048.09,1
2022-10-28,USD,1037.93,1048.31,1058.68,1048.31,1
2022-10-29,USD,1037.93,1048.31,1058.68,1048.31,0
2022-10-30,USD,1037.93,1048.31,1058.68,1048.31,0
2022-10-31,USD,1038.45,1048.83,1059.22,1048.83,1
2022-11-01,USD,1038.96,1049.35,1059.74,1049.35,1
2022-11-02,USD,1039.51,1049.91,1060.3,1049.91,1
2022-11-03,USD,1040.07,1050.47,1060.87,1050.47,1
2022-11-04,USD,1040.19,1050.59,1060.99,1050.59,1
2022-11-05,USD,1040.19,1050.59,1060.99,1050.59,0
2022-11-06,USD,1040.19,1050.59,1060.99,1050.59,0
2022-11-07,USD,1040.55,1050.95,1061.36,1050.95,1
2022-11-08,USD,1040.77,1051.17,1061.58,1051.17,1
2022-11-09,USD,1041.36,1051.77,1062.18,1051.77,1
2022-11-10,USD,1041.99,1052.4,1062.82,1052.4,1
2022-11-11,USD,1042.43,1052.85,1063.27,1052.85,1
2022-11-12,USD,1042.43,1052.85,1063.27,1052.85,0
2022-11-13,USD,1042.43,1052.85,1063.27,1052.85,0
2022-11-14,USD,1042.74,1053.17,1063.6,1053.17,1
2022-11-15,USD,1043.08,1053.51,1063.94,1053.51,1
2022-11-16,USD,1043.76,1054.2,1064.64,1054.2,1
2022-11-17,USD,1044.31,1054.75,1065.19,1054.75,1
2022-11-18,USD,1044.49,1054.93,1065.37,1054.93,1
2022-11-19,USD,1044.49,1054.93,1065.37,1054.93,0
2022-11-20,USD,1044.49,1054.93,1065.37,1054.93,0
2022-11-21,USD,1044.48,1054.92,1065.36,1054.92,1
2022-11-22,USD,1045.07,1055.52,1065.97,1055.52,1
2022-11-23,USD,1045.56,1056.01,1066.47,1056.01,1
2022-11-24,USD,1045.85,1056.31,1066.77,1056.31,1
2022-11-25,USD,1046.33,1056.79,1067.25,1056.79,1
2022-11-26,USD,1046.33,1056.79,1067.25,1056.79,0
2022-11-27,USD,1046.33,1056.79,1067.25,1056.79,0
2022-11-28,USD,1046.37,1056.83,1067.29,1056.83,1
2022-11-29,USD,1047.06,1057.53,1068.0,1057.53,1
2022-11-30,USD,1047.16,1057.63,1068.1,1057.63,1
2022-12-01,USD,1047.81,1058.28,1068.76,1058.28,1
2022-12-02,USD,1048.47,1058.95,1069.44,1058.95,1
2022-12-03,USD,1048.47,1058.95,1069.44,1058.95,0
2022-12-04,USD,1048.47,1058.95,1069.44,1058.95,0
2022-12-05,USD,1049.02,1059.51,1070.0,1059.51,1
2022-12-06,USD,1049.72,1060.21,1070.71,1060.21,1
2022-12-07,USD,1050.51,1061.01,1071.52,1061.01,1
2022-12-08,USD,1051.07,1061.58,1072.09,1061.58,1
2022-12-09,USD,1051.22,1061.73,1072.24,1061.73,1
2022-12-10,USD,1051.22,1061.73,1072.24,1061.73,0
2022-12-11,USD,1051.22,1061.73,1072.24,1061.73,0
2022-12-12,USD,1052.2,1062.72,1073.25,1062.72,1
2022-12-13,USD,1052.96,1063.48,1074.01,1063.48,1
2022-12-14,USD,1053.65,1064.19,1074.72,1064.19,1
2022-12-15,USD,1054.44,1064.99,1075.53,1064.99,1
2022-12-16,USD,1054.69,1065.24,1075.78,1065.24,1
2022-12-17,USD,1054.69,1065.24,1075.78,1065.24,0
2022-12-18,USD,1054.69,1065.24,1075.78,1065.24,0
2022-12-19,USD,1055.6,1066.16,1076.71,1066.16,1
2022-12-20,USD,1056.41,1066.97,1077.53,1066.97,1
2022-12-21,USD,1056.71,1067.28,1077.85,1067.28,1
2022-12-22,USD,1057.83,1068.4,1078.98,1068.4,1
2022-12-23,USD,1058.36,1068.94,1079.52,1068.94,1
2022-12-24,USD,1058.36,1068.94,1079.52,1068.94,0
2022-12-25,USD,1058.36,1068.94,1079.52,1068.94,0
2022-12-26,USD,1058.36,1068.94,1079.52,1068.94,0
2022-12-27,USD,1058.36,1068.94,1079.52,1068.94,0
2022-12-28,USD,1058.96,1069.55,1080.14,1069.55,1
2022-12-29,USD,1059.49,1070.09,1080.68,1070.09,1
2022-12-30,USD,1060.11,1070.71,1081.31,1070.71,1
2022-12-31,USD,1060.11,1070.71,1081.31,1070.71,0
2023-01-01,USD,1060.11,1070.71,1081.31,1070.71,0
2023-01-02,USD,1060.11,1070.71,1081.31,1070.71,0
2023-01-03,USD,1060.11,1070.71,1081.31,1070.71,0
2023-01-04,USD,1061.09,1071.7,1082.31,1071.7,1
2023-01-05,USD,1061.56,1072.18,1082.79,1072.18,1
2023-01-06,USD,1062.04,1072.66,1083.28,1072.66,1
2023-01-07,USD,1062.04,1072.66,1083.28,1072.66,0
2023-01-08,USD,1062.04,1072.66,1083.28,1072.66,0
2023-01-09,USD,1062.48,1073.11,1083.73,1073.11,1
2023-01-10,USD,1062.59,1073.22,1083.84,1073.22,1
2023-01-11,USD,1063.78,1074.42,1085.05,1074.42,1
2023-01-12,USD,1064.63,1075.28,1085.92,1075.28,1
2023-01-13,USD,1065.01,1075.66,1086.31,1075.66,1
2023-01-14,USD,1065.01,1075.66,1086.31,1075.66,0
2023-01-15,USD,1065.01,1075.66,1086.31,1075.66,0
2023-01-16,USD,1065.67,1076.33,1086.98,1076.33,1
2023-01-17,USD,1066.35,1077.01,1087.67,1077.01,1
2023-01-18,USD,1066.6,1077.26,1087.93,1077.26,1
2023-01-19,USD,1066.72,1077.39,1088.05,1077.39,1
2023-01-20,USD,1068.27,1078.95,1089.63,1078.95,1
2023-01-21,USD,1068.27,1078.95,1089.63,1078.95,0
2023-01-22,USD,1068.27,1078.95,1089.63,1078.95,0
2023-01-23,USD,1069.04,1079.73,1090.41,1079.73,1
2023-01-24,USD,1070.44,1081.15,1091.85,1081.15,1
2023-01-25,USD,1071.15,1081.86,1092.57,1081.86,1
2023-01-26,USD,1071.19,1081.9,1092.61,1081.9,1
2023-01-27,USD,1072.68,1083.41,1094.14,1083.41,1
2023-01-28,USD,1072.68,1083.41,1094.14,1083.41,0
2023-01-29,USD,1072.68,1083.41,1094.14,1083.41,0
2023-01-30,USD,1072.12,1082.84,1093.56,1082.84,1
2023-01-31,USD,1073.03,1083.76,1094.49,1083.76,1
2023-02-01,USD,1073.03,1083.76,1094.49,1083.76,0
2023-02-02,USD,1074.12,1084.86,1095.6,1084.86,1
2023-02-03,USD,1075.04,1085.79,1096.54,1085.79,1
2023-02-04,USD,1075.04,1085.79,1096.54,1085.79,0
2023-02-05,USD,1075.04,1085.79,1096.54,1085.79,0
2023-02-06,USD,1074.8,1085.54,1096.29,1085.54,1
2023-02-07,USD,1076.13,1086.89,1097.65,1086.89,1
2023-02-08,USD,1076.14,1086.9,1097.66,1086.9,1
2023-02-09,USD,1076.12,1086.88,1097.64,1086.88,1
2023-02-10,USD,1076.75,1087.51,1098.28,1087.51,1
2023-02-11,USD,1076.75,1087.51,1098.28,1087.51,0
2023-02-12,USD,1076.75,1087.51,1098.28,1087.51,0
2023-02-13,USD,1076.92,1087.68,1098.45,1087.68,1
2023-02-14,USD,1077.39,1088.16,1098.94,1088.16,1
2023-02-15,USD,1077.51,1088.28,1099.06,1088.28,1
2023-02-16,USD,1078.21,1088.99,1099.77,1088.99,1
2023-02-17,USD,1078.69,1089.47,1100.26,1089.47,1
2023-02-18,USD,1078.69,1089.47,1100.26,1089.47,0
2023-02-19,USD,1078.69,1089.47,1100.26,1089.47,0
2023-02-20,USD,1078.4,1089.18,1099.97,1089.18,1
2023-02-21,USD,1079.35,1090.14,1100.93,1090.14,1
2023-02-22,USD,1079.69,1090.48,1101.28,1090.48,1
2023-02-23,USD,1080.6,1091.41,1102.21,1091.41,1
2023-02-24,USD,1080.51,1091.32,1102.12,1091.32,1
2023-02-25,USD,1080.51,1091.32,1102.12,1091.32,0
2023-02-26,USD,1080.51,1091.32,1102.12,1091.32,0
2023-02-27,USD,1081.28,1092.1,1102.91,1092.1,1
2023-02-28,USD,1080.26,1091.07,1101.87,1091.07,1
2023-03-01,USD,1080.24,1091.05,1101.85,1091.05,1
2023-03-02,USD,1081.25,1092.06,1102.87,1092.06,1
2023-03-03,USD,1080.93,1091.73,1102.54,1091.73,1
2023-03-04,USD,1080.93,1091.73,1102.54,1091.73,0
2023-03-05,USD,1080.93,1091.73,1102.54,1091.73,0
2023-03-06,USD,1081.25,1092.06,1102.87,1092.06,1
2023-03-07,USD,1081.58,1092.39,1103.21,1092.39,1
2023-03-08,USD,1082.79,1093.62,1104.45,1093.62,1
2023-03-09,USD,1083.8,1094.64,1105.48,1094.64,1
2023-03-10,USD,1083.69,1094.53,1105.37,1094.53,1
2023-03-11,USD,1083.69,1094.53,1105.37,1094.53,0
2023-03-12,USD,1083.69,1094.53,1105.37,1094.53,0
2023-03-13,USD,1083.75,1094.59,1105.43,1094.59,1
2023-03-14,USD,1084.19,1095.03,1105.87,1095.03,1
2023-03-15,USD,1084.23,1095.07,1105.91,1095.07,1
2023-03-16,USD,1086.09,1096.95,1107.81,1096.95,1
2023-03-17,USD,1085.27,1096.12,1106.97,1096.12,1
2023-03-18,USD,1085.27,1096.12,1106.97,1096.12,0
2023-03-19,USD,1085.27,1096.12,1106.97,1096.12,0
2023-03-20,USD,1086.31,1097.17,1108.03,1097.17,1
2023-03-21,USD,1086.12,1096.98,1107.84,1096.98,1
2023-03-22,USD,1088.02,1098.9,1109.78,1098.9,1
2023-03-23,USD,1089.64,1100.53,1111.43,1100.53,1
2023-03-24,USD,1089.95,1100.85,1111.75,1100.85,1
2023-03-25,USD,1089.95,1100.85,1111.75,1100.85,0
2023-03-26,USD,1089.95,1100.85,1111.75,1100.85,0
2023-03-27,USD,1089.36,1100.25,1111.14,1100.25,1
2023-03-28,USD,1090.01,1100.91,1111.81,1100.91,1
2023-03-29,USD,1091.31,1102.22,1113.13,1102.22,1
2023-03-30,USD,1092.31,1103.23,1114.15,1103.23,1
2023-03-31,USD,1092.7,1103.62,1114.55,1103.62,1
2023-04-01,USD,1092.7,1103.62,1114.55,1103.62,0
2023-04-02,USD,1092.7,1103.62,1114.55,1103.62,0
2023-04-03,USD,1094.08,1105.02,1115.96,1105.02,1
2023-04-04,USD,1094.19,1105.13,1116.07,1105.13,1
2023-04-05,USD,1094.83,1105.78,1116.72,1105.78,1
2023-04-06,USD,1094.94,1105.88,1116.83,1105.88,1
2023-04-07,USD,1094.94,1105.88,1116.83,1105.88,0
2023-04-08,USD,1094.94,1105.88,1116.83,1105.88,0
2023-04-09,USD,1094.94,1105.88,1116.83,1105.88,0
2023-04-10,USD,1094.94,1105.88,1116.83,1105.88,0
2023-04-11,USD,1095.68,1106.63,1117.59,1106.63,1
2023-04-12,USD,1096.31,1107.27,1118.23,1107.27,1
2023-04-13,USD,1098.11,1109.09,1120.07,1109.09,1
2023-04-14,USD,1099.22,1110.21,1121.2,1110.21,1
2023-04-15,USD,1099.22,1110.21,1121.2,1110.21,0
2023-04-16,USD,1099.22,1110.21,1121.2,1110.21,0
2023-04-17,USD,1100.66,1111.66,1122.67,1111.66,1
2023-04-18,USD,1101.39,1112.4,1123.41,1112.4,1
2023-04-19,USD,1100.93,1111.94,1122.95,1111.94,1
2023-04-20,USD,1101.93,1112.95,1123.97,1112.95,1
2023-04-21,USD,1101.93,1112.95,1123.97,1112.95,0
2023-04-22,USD,1101.93,1112.95,1123.97,1112.95,0
2023-04-23,USD,1101.93,1112.95,1123.97,1112.95,0
2023-04-24,USD,1102.51,1113.54,1124.56,1113.54,1
2023-04-25,USD,1102.66,1113.69,1124.71,1113.69,1
2023-04-26,USD,1102.6,1113.62,1124.65,1113.62,1
2023-04-27,USD,1103.69,1114.73,1125.76,1114.73,1
2023-04-28,USD,1104.47,1115.51,1126.56,1115.51,1
2023-04-29,USD,1104.47,1115.51,1126.56,1115.51,0
2023-04-30,USD,1104.47,1115.51,1126.56,1115.51,0
2023-05-01,USD,1104.47,1115.51,1126.56,1115.51,0
2023-05-02,USD,1105.31,1116.36,1127.41,1116.36,1
2023-05-03,USD,1105.85,1116.91,1127.97,1116.91,1
2023-05-04,USD,1106.34,1117.4,1128.46,1117.4,1
2023-05-05,USD,1107.55,1118.63,1129.7,1118.63,1
2023-05-06,USD,1107.55,1118.63,1129.7,1118.63,0
2023-05-07,USD,1107.55,1118.63,1129.7,1118.63,0
2023-05-08,USD,1108.26,1119.35,1130.43,1119.35,1
2023-05-09,USD,1109.33,1120.42,1131.51,1120.42,1
2023-05-10,USD,1109.45,1120.54,1131.64,1120.54,1
2023-05-11,USD,1109.83,1120.92,1132.02,1120.92,1
2023-05-12,USD,1110.41,1121.51,1132.61,1121.51,1
2023-05-13,USD,1110.41,1121.51,1132.61,1121.51,0
2023-05-14,USD,1110.41,1121.51,1132.61,1121.51,0
2023-05-15,USD,1111.57,1122.69,1133.8,1122.69,1
2023-05-16,USD,1112.0,1123.12,1134.24,1123.12,1
2023-05-17,USD,1113.04,1124.16,1135.29,1124.16,1
2023-05-18,USD,1113.54,1124.67,1135.81,1124.67,1
2023-05-19,USD,1114.51,1125.66,1136.8,1125.66,1
2023-05-20,USD,1114.51,1125.66,1136.8,1125.66,0
2023-05-21,USD,1114.51,1125.66,1136.8,1125.66,0
2023-05-22,USD,1115.18,1126.33,1137.48,1126.33,1
2023-05-23,USD,1115.6,1126.76,1137.91,1126.76,1
2023-05-24,USD,1116.24,1127.4,1138.56,1127.4,1
2023-05-25,USD,1117.09,1128.26,1139.43,1128.26,1
2023-05-26,USD,1117.92,1129.1,1140.28,1129.1,1
2023-05-27,USD,1117.92,1129.1,1140.28,1129.1,0
2023-05-28,USD,1117.92,1129.1,1140.28,1129.1,0
2023-05-29,USD,1118.79,1129.97,1141.16,1129.97,1
2023-05-30,USD,1119.6,1130.79,1141.99,1130.79,1
2023-05-31,USD,1120.37,1131.58,1142.78,1131.58,1
2023-06-01,USD,1121.37,1132.58,1143.79,1132.58,1
2023-06-02,USD,1122.19,1133.41,1144.63,1133.41,1
2023-06-03,USD,1122.19,1133.41,1144.63,1133.41,0
2023-06-04,USD,1122.19,1133.41,1144.63,1133.41,0
2023-06-05,USD,1123.21,1134.44,1145.67,1134.44,1
2023-06-06,USD,1123.23,1134.46,1145.69,1134.46,1
2023-06-07,USD,1124.62,1135.86,1147.11,1135.86,1
2023-06-08,USD,1126.09,1137.35,1148.61,1137.35,1
2023-06-09,USD,1126.94,1138.21,1149.48,1138.21,1
2023-06-10,USD,1126.94,1138.21,1149.48,1138.21,0
2023-06-11,USD,1126.94,1138.21,1149.48,1138.21,0
2023-06-12,USD,1128.11,1139.39,1150.67,1139.39,1
2023-06-13,USD,1130.12,1141.42,1152.72,1141.42,1
2023-06-14,USD,1132.24,1143.56,1154.88,1143.56,1
2023-06-15,USD,1133.94,1145.28,1156.62,1145.28,1
2023-06-16,USD,1136.05,1147.41,1158.77,1147.41,1
2023-06-17,USD,1136.05,1147.41,1158.77,1147.41,0
2023-06-18,USD,1136.05,1147.41,1158.77,1147.41,0
2023-06-19,USD,1138.5,1149.88,1161.27,1149.88,1
2023-06-20,USD,1141.14,1152.55,1163.96,1152.55,1
2023-06-21,USD,1142.95,1154.38,1165.81,1154.38,1
2023-06-22,USD,1144.65,1156.09,1167.54,1156.09,1
2023-06-23,USD,1146.65,1158.11,1169.58,1158.11,1
2023-06-24,USD,1146.65,1158.11,1169.58,1158.11,0
2023-06-25,USD,1146.65,1158.11,1169.58,1158.11,0
2023-06-26,USD,1148.58,1160.06,1171.54,1160.06,1
2023-06-27,USD,1150.59,1162.09,1173.6,1162.09,1
2023-06-28,USD,1150.59,1162.09,1173.6,1162.09,0
2023-06-29,USD,1151.1,1162.61,1174.12,1162.61,1
2023-06-30,USD,1153.03,1164.55,1176.08,1164.55,1
2023-07-01,USD,1153.03,1164.55,1176.08,1164.55,0
2023-07-02,USD,1153.03,1164.55,1176.08,1164.55,0
2023-07-03,USD,1153.03,1164.55,1176.08,1164.55,0
2023-07-04,USD,1153.03,1164.55,1176.08,1164.55,0
2023-07-05,USD,1154.51,1166.05,1177.6,1166.05,1
2023-07-06,USD,1155.46,1167.01,1178.57,1167.01,1
2023-07-07,USD,1156.2,1167.76,1179.32,1167.76,1
2023-07-08,USD,1156.2,1167.76,1179.32,1167.76,0
2023-07-09,USD,1156.2,1167.76,1179.32,1167.76,0
2023-07-10,USD,1157.25,1168.82,1180.39,1168.82,1
2023-07-11,USD,1158.09,1169.67,1181.25,1169.67,1
2023-07-12,USD,1158.31,1169.89,1181.48,1169.89,1
2023-07-13,USD,1158.59,1170.17,1181.76,1170.17,1
2023-07-14,USD,1159.04,1170.62,1182.21,1170.62,1
2023-07-15,USD,1159.04,1170.62,1182.21,1170.62,0
2023-07-16,USD,1159.04,1170.62,1182.21,1170.62,0
2023-07-17,USD,1159.6,1171.19,1182.79,1171.19,1
2023-07-18,USD,1160.718195,1172.324205,1183.930215,1172.324205,1
2023-07-19,USD,1161.17,1172.79,1184.4,1172.79,1
2023-07-20,USD,1161.72,1173.34,1184.95,1173.34,1
2023-07-21,USD,1162.54,1174.16,1185.79,1174.16,1
2023-07-22,USD,1162.54,1174.16,1185.79,1174.16,0
2023-07-23,USD,1162.54,1174.16,1185.79,1174.16,0
2023-07-24,USD,1163.19,1174.82,1186.45,1174.82,1
2023-07-25,USD,1163.94,1175.58,1187.22,1175.58,1
2023-07-26,USD,1164.48,1176.12,1187.77,1176.12,1
2023-07-27,USD,1165.22,1176.87,1188.52,1176.87,1
2023-07-28,USD,1165.74,1177.39,1189.05,1177.39,1
2023-07-29,USD,1165.74,1177.39,1189.05,1177.39,0
2023-07-30,USD,1165.74,1177.39,1189.05,1177.39,0
2023-07-31,USD,1166.48,1178.14,1189.81,1178.14,1
2023-08-01,USD,1167.32,1178.99,1190.66,1178.99,1
2023-08-02,USD,1167.96,1179.64,1191.32,1179.64,1
2023-08-03,USD,1168.92,1180.61,1192.3,1180.61,1
2023-08-04,USD,1168.92,1180.61,1192.3,1180.61,0
2023-08-05,USD,1168.92,1180.61,1192.3,1180.61,0
2023-08-06,USD,1168.92,1180.61,1192.3,1180.61,0
2023-08-07,USD,1169.57,1181.26,1192.95,1181.26,1
2023-08-08,USD,1170.2,1181.9,1193.6,1181.9,1
2023-08-09,USD,1170.81,1182.52,1194.23,1182.52,1
2023-08-10,USD,1171.39,1183.1,1194.81,1183.1,1
2023-08-11,USD,1172.0,1183.72,1195.44,1183.72,1
2023-08-12,USD,1172.0,1183.72,1195.44,1183.72,0
2023-08-13,USD,1172.0,1183.72,1195.44,1183.72,0
2023-08-14,USD,1172.75,1184.47,1196.2,1184.47,1
2023-08-15,USD,1172.75,1184.47,1196.2,1184.47,0
2023-08-16,USD,1173.8,1185.53,1197.27,1185.53,1
2023-08-17,USD,1174.68,1186.43,1198.17,1186.43,1
2023-08-18,USD,1175.37,1187.12,1198.87,1187.12,1
2023-08-19,USD,1175.37,1187.12,1198.87,1187.12,0
2023-08-20,USD,1175.37,1187.12,1198.87,1187.12,0
2023-08-21,USD,1176.22,1187.98,1199.74,1187.98,1
2023-08-22,USD,1176.94,1188.71,1200.48,1188.71,1
2023-08-23,USD,1177.94,1189.72,1201.5,1189.72,1
2023-08-24,USD,1178.4,1190.18,1201.96,1190.18,1
2023-08-25,USD,1178.88,1190.67,1202.46,1190.67,1
2023-08-26,USD,1178.88,1190.67,1202.46,1190.67,0
2023-08-27,USD,1178.88,1190.67,1202.46,1190.67,0
2023-08-28,USD,1179.42,1191.21,1203.0,1191.21,1
2023-08-29,USD,1180.7,1192.5,1204.31,1192.5,1
2023-08-30,USD,1181.14,1192.95,1204.76,1192.95,1
2023-08-31,USD,1181.51,1193.32,1205.14,1193.32,1
2023-09-01,USD,1181.99,1193.8,1205.62,1193.8,1
2023-09-02,USD,1181.99,1193.8,1205.62,1193.8,0
2023-09-03,USD,1181.99,1193.8,1205.62,1193.8,0
2023-09-04,USD,1182.42,1194.25,1206.07,1194.25,1
2023-09-05,USD,1183.29,1195.12,1206.95,1195.12,1
2023-09-06,USD,1184.4,1196.25,1208.09,1196.25,1
2023-09-07,USD,1184.86,1196.71,1208.56,1196.71,1
2023-09-08,USD,1185.4,1197.25,1209.1,1197.25,1
2023-09-09,USD,1185.4,1197.25,1209.1,1197.25,0
2023-09-10,USD,1185.4,1197.25,1209.1,1197.25,0
2023-09-11,USD,1185.76,1197.62,1209.48,1197.62,1
2023-09-12,USD,1186.71,1198.58,1210.44,1198.58,1
2023-09-13,USD,1187.05,1198.92,1210.78,1198.92,1
2023-09-14,USD,1188.68,1200.57,1212.46,1200.57,1
2023-09-15,USD,1189.04,1200.93,1212.82,1200.93,1
2023-09-16,USD,1189.04,1200.93,1212.82,1200.93,0
2023-09-17,USD,1189.04,1200.93,1212.82,1200.93,0
2023-09-18,USD,1190.42,1202.33,1214.23,1202.33,1
2023-09-19,USD,1190.67,1202.58,1214.48,1202.58,1
2023-09-20,USD,1191.18,1203.09,1215.0,1203.09,1
2023-09-21,USD,1193.11,1205.04,1216.97,1205.04,1
2023-09-22,USD,1194.34,1206.28,1218.23,1206.28,1
2023-09-23,USD,1194.34,1206.28,1218.23,1206.28,0
2023-09-24,USD,1194.34,1206.28,1218.23,1206.28,0
2023-09-25,USD,1196.47,1208.43,1220.39,1208.43,1
2023-09-26,USD,1198.27,1210.25,1222.23,1210.25,1
2023-09-27,USD,1200.62,1212.62,1224.63,1212.62,1
2023-09-28,USD,1201.51,1213.52,1225.53,1213.52,1
2023-09-29,USD,1202.88,1214.91,1226.94,1214.91,1
2023-09-30,USD,1202.88,1214.91,1226.94,1214.91,0
2023-10-01,USD,1202.88,1214.91,1226.94,1214.91,0
2023-10-02,USD,1204.83,1216.88,1228.93,1216.88,1
2023-10-03,USD,1205.94,1218.0,1230.05,1218.0,1
2023-10-04,USD,1207.42,1219.5,1231.57,1219.5,1
2023-10-05,USD,1208.66,1220.74,1232.83,1220.74,1
2023-10-06,USD,1209.04,1221.13,1233.22,1221.13,1
2023-10-07,USD,1209.04,1221.13,1233.22,1221.13,0
2023-10-08,USD,1209.04,1221.13,1233.22,1221.13,0
2023-10-09,USD,1209.15,1221.24,1233.33,1221.24,1
2023-10-10,USD,1210.18,1222.28,1234.38,1222.28,1
2023-10-11,USD,1210.23,1222.33,1234.43,1222.33,1
2023-10-12,USD,1210.51,1222.61,1234.72,1222.61,1
2023-10-13,USD,1210.87,1222.98,1235.09,1222.98,1
2023-10-14,USD,1210.87,1222.98,1235.09,1222.98,0
2023-10-15,USD,1210.87,1222.98,1235.09,1222.98,0
2023-10-16,USD,1211.22,1223.33,1235.44,1223.33,1
2023-10-17,USD,1211.72,1223.84,1235.95,1223.84,1
2023-10-18,USD,1212.77,1224.9,1237.02,1224.9,1
2023-10-19,USD,1212.87,1225.0,1237.12,1225.0,1
2023-10-20,USD,1213.83,1225.97,1238.11,1225.97,1
2023-10-21,USD,1213.83,1225.97,1238.11,1225.97,0
2023-10-22,USD,1213.83,1225.97,1238.11,1225.97,0
2023-10-23,USD,1214.48,1226.63,1238.77,1226.63,1
2023-10-24,USD,1215.32,1227.48,1239.63,1227.48,1
2023-10-25,USD,1215.87,1228.03,1240.18,1228.03,1
2023-10-26,USD,1216.4,1228.56,1240.72,1228.56,1
2023-10-27,USD,1216.92,1229.08,1241.25,1229.08,1
2023-10-28,USD,1216.92,1229.08,1241.25,1229.08,0
2023-10-29,USD,1216.92,1229.08,1241.25,1229.08,0
2023-10-30,USD,1217.33,1229.5,1241.67,1229.5,1
2023-10-31,USD,1218.02,1230.2,1242.38,1230.2,1
2023-11-01,USD,1218.68,1230.87,1243.05,1230.87,1
2023-11-02,USD,1219.05,1231.24,1243.43,1231.24,1
2023-11-03,USD,1219.66,1231.85,1244.05,1231.85,1
2023-11-04,USD,1219.66,1231.85,1244.05,1231.85,0
2023-11-05,USD,1219.66,1231.85,1244.05,1231.85,0
2023-11-06,USD,1219.55,1231.74,1243.94,1231.74,1
2023-11-07,USD,1219.98,1232.18,1244.38,1232.18,1
2023-11-08,USD,1220.48,1232.69,1244.89,1232.69,1
2023-11-09,USD,1221.03,1233.24,1245.45,1233.24,1
2023-11-10,USD,1221.77,1233.99,1246.21,1233.99,1
2023-11-11,USD,1221.77,1233.99,1246.21,1233.99,0
2023-11-12,USD,1221.77,1233.99,1246.21,1233.99,0
2023-11-13,USD,1222.56,1234.78,1247.0,1234.78,1
2023-11-14,USD,1223.36,1235.59,1247.82,1235.59,1
2023-11-15,USD,1224.05,1236.29,1248.53,1236.29,1
2023-11-16,USD,1224.9,1237.15,1249.4,1237.15,1
2023-11-17,USD,1224.93,1237.18,1249.42,1237.18,1
2023-11-18,USD,1224.93,1237.18,1249.42,1237.18,0
2023-11-19,USD,1224.93,1237.18,1249.42,1237.18,0
2023-11-20,USD,1225.81,1238.07,1250.32,1238.07,1
2023-11-21,USD,1226.78,1239.05,1251.31,1239.05,1
2023-11-22,USD,1227.66,1239.94,1252.21,1239.94,1
2023-11-23,USD,1228.57,1240.86,1253.14,1240.86,1
2023-11-24,USD,1229.44,1241.74,1254.03,1241.74,1
2023-11-25,USD,1229.44,1241.74,1254.03,1241.74,0
2023-11-26,USD,1229.44,1241.74,1254.03,1241.74,0
2023-11-27,USD,1230.41,1242.71,1255.01,1242.71,1
2023-11-28,USD,1231.69,1244.01,1256.32,1244.01,1
2023-11-29,USD,1232.91,1245.24,1257.56,1245.24,1
2023-11-30,USD,1234.42,1246.77,1259.11,1246.77,1
2023-12-01,USD,1235.74,1248.09,1260.45,1248.09,1
2023-12-02,USD,1235.74,1248.09,1260.45,1248.09,0
2023-12-03,USD,1235.74,1248.09,1260.45,1248.09,0
2023-12-04,USD,1236.69,1249.06,1261.42,1249.06,1
2023-12-05,USD,1238.09,1250.47,1262.85,1250.47,1
2023-12-06,USD,1238.95,1251.34,1263.73,1251.34,1
2023-12-07,USD,1238.81,1251.2,1263.59,1251.2,1
2023-12-08,USD,1239.59,1251.98,1264.37,1251.98,1
2023-12-09,USD,1239.59,1251.98,1264.37,1251.98,0
2023-12-10,USD,1239.59,1251.98,1264.37,1251.98,0
2023-12-11,USD,1240.36,1252.76,1265.16,1252.76,1
2023-12-12,USD,1241.26,1253.67,1266.08,1253.67,1
2023-12-13,USD,1242.27,1254.69,1267.11,1254.69,1
2023-12-14,USD,1242.93,1255.36,1267.78,1255.36,1
2023-12-15,USD,1243.99,1256.43,1268.87,1256.43,1
2023-12-16,USD,1243.99,1256.43,1268.87,1256.43,0
2023-12-17,USD,1243.99,1256.43,1268.87,1256.43,0
2023-12-18,USD,1244.83,1257.28,1269.72,1257.28,1
2023-12-19,USD,1245.78,1258.24,1270.69,1258.24,1
2023-12-20,USD,1247.01,1259.48,1271.95,1259.48,1
2023-12-21,USD,1247.57,1260.04,1272.52,1260.04,1
2023-12-22,USD,1248.97,1261.46,1273.94,1261.46,1
2023-12-23,USD,1248.97,1261.46,1273.94,1261.46,0
2023-12-24,USD,1248.97,1261.46,1273.94,1261.46,0
2023-12-25,USD,1248.97,1261.46,1273.94,1261.46,0
2023-12-26,USD,1248.97,1261.46,1273.94,1261.46,0
2023-12-27,USD,1249.6,1262.1,1274.59,1262.1,1
2023-12-28,USD,1250.45,1262.95,1275.45,1262.95,1
2023-12-29,USD,1251.42,1263.93,1276.44,1263.93,1
2023-12-30,USD,1251.42,1263.93,1276.44,1263.93,0
2023-12-31,USD,1251.42,1263.93,1276.44,1263.93,0
2024-01-01,USD,1251.42,1263.93,1276.44,1263.93,0
2024-01-02,USD,1251.42,1263.93,1276.44,1263.93,0
2024-01-03,USD,1253.6,1266.14,1278.67,1266.14,1
2024-01-04,USD,1254.96,1267.5,1280.05,1267.5,1
2024-01-05,USD,1255.6,1268.16,1280.71,1268.16,1
2024-01-06,USD,1255.6,1268.16,1280.71,1268.16,0
2024-01-07,USD,1255.6,1268.16,1280.71,1268.16,0
2024-01-08,USD,1256.02,1268.58,1281.14,1268.58,1
2024-01-09,USD,1256.12,1268.68,1281.24,1268.68,1
2024-01-10,USD,1256.35,1268.91,1281.47,1268.91,1
2024-01-11,USD,1257.19,1269.76,1282.33,1269.76,1
2024-01-12,USD,1257.83,1270.41,1282.98,1270.41,1
2024-01-13,USD,1257.83,1270.41,1282.98,1270.41,0
2024-01-14,USD,1257.83,1270.41,1282.98,1270.41,0
2024-01-15,USD,1257.73,1270.31,1282.89,1270.31,1
2024-01-16,USD,1258.48,1271.06,1283.64,1271.06,1
2024-01-17,USD,1258.97,1271.56,1284.15,1271.56,1
2024-01-18,USD,1259.01,1271.59,1284.18,1271.59,1
2024-01-19,USD,1258.9,1271.49,1284.08,1271.49,1
2024-01-20,USD,1258.9,1271.49,1284.08,1271.49,0
2024-01-21,USD,1258.9,1271.49,1284.08,1271.49,0
2024-01-22,USD,1259.4,1271.99,1284.58,1271.99,1
2024-01-23,USD,1259.96,1272.56,1285.16,1272.56,1
2024-01-24,USD,1260.47,1273.07,1285.68,1273.07,1
2024-01-25,USD,1261.31,1273.92,1286.53,1273.92,1
2024-01-26,USD,1261.45,1274.06,1286.68,1274.06,1
2024-01-27,USD,1261.45,1274.06,1286.68,1274.06,0
2024-01-28,USD,1261.45,1274.06,1286.68,1274.06,0
2024-01-29,USD,1261.31,1273.92,1286.53,1273.92,1
2024-01-30,USD,1261.78,1274.4,1287.01,1274.4,1
2024-01-31,USD,1262.28,1274.9,1287.52,1274.9,1
2024-02-01,USD,1262.28,1274.9,1287.52,1274.9,0
2024-02-02,USD,1262.44,1275.06,1287.69,1275.06,1
2024-02-03,USD,1262.44,1275.06,1287.69,1275.06,0
2024-02-04,USD,1262.44,1275.06,1287.69,1275.06,0
2024-02-05,USD,1262.85,1275.48,1288.11,1275.48,1
2024-02-06,USD,1263.1,1275.73,1288.36,1275.73,1
2024-02-07,USD,1262.88,1275.51,1288.13,1275.51,1
2024-02-08,USD,1262.86,1275.49,1288.12,1275.49,1
2024-02-09,USD,1263.43,1276.06,1288.7,1276.06,1
2024-02-10,USD,1263.43,1276.06,1288.7,1276.06,0
2024-02-11,USD,1263.43,1276.06,1288.7,1276.06,0
2024-02-12,USD,1263.87,1276.51,1289.14,1276.51,1
2024-02-13,USD,1264.91,1277.56,1290.21,1277.56,1
2024-02-14,USD,1263.83,1276.46,1289.1,1276.46,1
2024-02-15,USD,1264.49,1277.13,1289.78,1277.13,1
2024-02-16,USD,1265.24,1277.89,1290.54,1277.89,1
2024-02-17,USD,1265.24,1277.89,1290.54,1277.89,0
2024-02-18,USD,1265.24,1277.89,1290.54,1277.89,0
2024-02-19,USD,1266.05,1278.71,1291.37,1278.71,1
2024-02-20,USD,1266.4,1279.06,1291.73,1279.06,1
2024-02-21,USD,1266.15,1278.81,1291.47,1278.81,1
2024-02-22,USD,1266.95,1279.62,1292.29,1279.62,1
2024-02-23,USD,1267.29,1279.96,1292.63,1279.96,1
2024-02-24,USD,1267.29,1279.96,1292.63,1279.96,0
2024-02-25,USD,1267.29,1279.96,1292.63,1279.96,0
2024-02-26,USD,1267.96,1280.63,1293.31,1280.63,1
2024-02-27,USD,1267.72,1280.4,1293.07,1280.4,1
2024-02-28,USD,1268.55,1281.23,1293.91,1281.23,1
2024-02-29,USD,1269.05,1281.74,1294.43,1281.74,1
2024-03-01,USD,1269.72,1282.41,1295.11,1282.41,1
2024-03-02,USD,1269.72,1282.41,1295.11,1282.41,0
2024-03-03,USD,1269.72,1282.41,1295.11,1282.41,0
2024-03-04,USD,1270.61,1283.31,1296.02,1283.31,1
2024-03-05,USD,1271.63,1284.34,1297.06,1284.34,1
2024-03-06,USD,1271.53,1284.25,1296.96,1284.25,1
2024-03-07,USD,1272.35,1285.07,1297.79,1285.07,1
2024-03-08,USD,1272.55,1285.28,1298.0,1285.28,1
2024-03-09,USD,1272.55,1285.28,1298.0,1285.28,0
2024-03-10,USD,1272.55,1285.28,1298.0,1285.28,0
2024-03-11,USD,1272.51,1285.24,1297.96,1285.24,1
2024-03-12,USD,1272.94,1285.67,1298.4,1285.67,1
2024-03-13,USD,1273.46,1286.2,1298.93,1286.2,1
2024-03-14,USD,1273.86,1286.59,1299.33,1286.59,1
2024-03-15,USD,1274.45,1287.19,1299.94,1287.19,1
2024-03-16,USD,1274.45,1287.19,1299.94,1287.19,0
2024-03-17,USD,1274.45,1287.19,1299.94,1287.19,0
2024-03-18,USD,1275.63,1288.38,1301.14,1288.38,1
2024-03-19,USD,1274.85,1287.59,1300.34,1287.59,1
2024-03-20,USD,1275.76,1288.51,1301.27,1288.51,1
2024-03-21,USD,1275.96,1288.72,1301.48,1288.72,1
2024-03-22,USD,1276.33,1289.09,1301.86,1289.09,1
2024-03-23,USD,1276.33,1289.09,1301.86,1289.09,0
2024-03-24,USD,1276.33,1289.09,1301.86,1289.09,0
2024-03-25,USD,1276.83,1289.6,1302.36,1289.6,1
2024-03-26,USD,1277.32,1290.09,1302.86,1290.09,1
2024-03-27,USD,1277.33,1290.1,1302.88,1290.1,1
2024-03-28,USD,1277.43,1290.2,1302.98,1290.2,1
2024-03-29,USD,1277.43,1290.2,1302.98,1290.2,0
2024-03-30,USD,1277.43,1290.2,1302.98,1290.2,0
2024-03-31,USD,1277.43,1290.2,1302.98,1290.2,0
2024-04-01,USD,1277.43,1290.2,1302.98,1290.2,0
2024-04-02,USD,1278.14,1290.92,1303.7,1290.92,1
2024-04-03,USD,1278.03,1290.81,1303.58,1290.81,1
2024-04-04,USD,1278.31,1291.09,1303.87,1291.09,1
2024-04-05,USD,1278.47,1291.26,1304.04,1291.26,1
2024-04-06,USD,1278.47,1291.26,1304.04,1291.26,0
2024-04-07,USD,1278.47,1291.26,1304.04,1291.26,0
2024-04-08,USD,1278.47,1291.26,1304.04,1291.26,0
2024-04-09,USD,1278.99,1291.78,1304.57,1291.78,1
2024-04-10,USD,1278.99,1291.78,1304.57,1291.78,0
2024-04-11,USD,1279.41,1292.21,1305.0,1292.21,1
2024-04-12,USD,1279.73,1292.53,1305.32,1292.53,1
2024-04-13,USD,1279.73,1292.53,1305.32,1292.53,0
2024-04-14,USD,1279.73,1292.53,1305.32,1292.53,0
2024-04-15,USD,1279.7,1292.49,1305.29,1292.49,1
2024-04-16,USD,1280.29,1293.09,1305.89,1293.09,1
2024-04-17,USD,1280.5,1293.31,1306.11,1293.31,1
2024-04-18,USD,1281.17,1293.98,1306.79,1293.98,1
2024-04-19,USD,1280.95,1293.76,1306.57,1293.76,1
2024-04-20,USD,1280.95,1293.76,1306.57,1293.76,0
2024-04-21,USD,1280.95,1293.76,1306.57,1293.76,0
2024-04-22,USD,1281.17,1293.98,1306.79,1293.98,1
2024-04-23,USD,1281.4,1294.22,1307.03,1294.22,1
2024-04-24,USD,1281.91,1294.73,1307.55,1294.73,1
2024-04-25,USD,1281.87,1294.69,1307.51,1294.69,1
2024-04-26,USD,1282.27,1295.09,1307.91,1295.09,1
2024-04-27,USD,1282.27,1295.09,1307.91,1295.09,0
2024-04-28,USD,1282.27,1295.09,1307.91,1295.09,0
2024-04-29,USD,1282.77,1295.59,1308.42,1295.59,1
2024-04-30,USD,1282.27,1295.09,1307.91,1295.09,1
2024-05-01,USD,1282.27,1295.09,1307.91,1295.09,0
2024-05-02,USD,1283.27,1296.1,1308.93,1296.1,1
2024-05-03,USD,1283.52,1296.35,1309.19,1296.35,1
2024-05-04,USD,1283.52,1296.35,1309.19,1296.35,0
2024-05-05,USD,1283.52,1296.35,1309.19,1296.35,0
2024-05-06,USD,1284.14,1296.98,1309.82,1296.98,1
2024-05-07,USD,1284.46,1297.3,1310.15,1297.3,1
2024-05-08,USD,1284.85,1297.7,1310.55,1297.7,1
2024-05-09,USD,1285.09,1297.94,1310.78,1297.94,1
2024-05-10,USD,1285.04,1297.89,1310.74,1297.89,1
2024-05-11,USD,1285.04,1297.89,1310.74,1297.89,0
2024-05-12,USD,1285.04,1297.89,1310.74,1297.89,0
2024-05-13,USD,1285.5,1298.35,1311.21,1298.35,1
2024-05-14,USD,1286.24,1299.1,1311.96,1299.1,1
2024-05-15,USD,1285.75,1298.6,1311.46,1298.6,1
2024-05-16,USD,1286.13,1298.99,1311.85,1298.99,1
2024-05-17,USD,1286.41,1299.27,1312.13,1299.27,1
2024-05-18,USD,1286.41,1299.27,1312.13,1299.27,0
2024-05-19,USD,1286.41,1299.27,1312.13,1299.27,0
2024-05-20,USD,1287.05,1299.91,1312.78,1299.91,1
2024-05-21,USD,1287.23,1300.1,1312.97,1300.1,1
2024-05-22,USD,1287.796521,1300.673186,1313.549851,1300.673186,1
2024-05-23,USD,1288.220849,1301.101756,1313.982663,1301.101756,1
2024-05-24,USD,1288.270353,1301.151755,1314.033157,1301.151755,1
2024-05-25,USD,1288.270353,1301.151755,1314.033157,1301.151755,0
2024-05-26,USD,1288.270353,1301.151755,1314.033157,1301.151755,0
2024-05-27,USD,1288.46,1301.34,1314.22,1301.34,1
2024-05-28,USD,1289.363586,1302.25592,1315.148254,1302.25592,1
2024-05-29,USD,1289.572216,1302.466636,1315.361056,1302.466636,1
2024-05-30,USD,1289.943504,1302.841636,1315.739768,1302.841636,1
2024-05-31,USD,1290.082327,1302.981847,1315.881367,1302.981847,1
2024-06-01,USD,1290.082327,1302.981847,1315.881367,1302.981847,0
2024-06-02,USD,1290.082327,1302.981847,1315.881367,1302.981847,0
2024-06-03,USD,1290.331053,1303.23306,1316.135067,1303.23306,1
2024-06-04,USD,1291.319955,1304.23185,1317.143745,1304.23185,1
2024-06-05,USD,1291.620158,1304.535055,1317.449952,1304.535055,1
2024-06-06,USD,1291.850004,1304.767199,1317.684394,1304.767199,1
2024-06-07,USD,1292.362733,1305.285055,1318.207377,1305.285055,1
2024-06-08,USD,1292.362733,1305.285055,1318.207377,1305.285055,0
2024-06-09,USD,1292.362733,1305.285055,1318.207377,1305.285055,0
2024-06-10,USD,1292.622045,1305.54696,1318.471875,1305.54696,1
2024-06-11,USD,1293.282115,1306.21363,1319.145145,1306.21363,1
2024-06-12,USD,1293.653401,1306.588628,1319.523855,1306.588628,1
2024-06-13,USD,1293.939115,1306.877199,1319.815283,1306.877199,1
2024-06-14,USD,1294.236144,1307.177198,1320.118252,1307.177198,1
2024-06-15,USD,1294.236144,1307.177198,1320.118252,1307.177198,0
2024-06-16,USD,1294.236144,1307.177198,1320.118252,1307.177198,0
2024-06-17,USD,1294.236144,1307.177198,1320.118252,1307.177198,0
2024-06-18,USD,1294.467166,1307.41053,1320.353894,1307.41053,1
2024-06-19,USD,1294.96,1307.91,1320.86,1307.91,1
2024-06-20,USD,1295.62,1308.58,1321.53,1308.58,1
2024-06-21,USD,1296.06,1309.02,1321.98,1309.02,1
2024-06-22,USD,1296.06,1309.02,1321.98,1309.02,0
2024-06-23,USD,1296.06,1309.02,1321.98,1309.02,0
2024-06-24,USD,1296.33,1309.3,1322.26,1309.3,1
2024-06-25,USD,1296.42,1309.38,1322.35,1309.38,1
2024-06-26,USD,1297.24,1310.21,1323.18,1310.21,1
2024-06-27,USD,1297.9,1310.88,1323.86,1310.88,1
2024-06-28,USD,1298.15,1311.13,1324.11,1311.13,1
2024-06-29,USD,1298.15,1311.13,1324.11,1311.13,0
2024-06-30,USD,1298.15,1311.13,1324.11,1311.13,0
2024-07-01,USD,1298.15,1311.13,1324.11,1311.13,0
2024-07-02,USD,1298.98,1311.97,1324.96,1311.97,1
2024-07-03,USD,1299.6,1312.59,1325.58,1312.59,1
2024-07-04,USD,1299.6,1312.59,1325.58,1312.59,0
2024-07-05,USD,1299.73,1312.73,1325.73,1312.73,1
2024-07-06,USD,1299.73,1312.73,1325.73,1312.73,0
2024-07-07,USD,1299.73,1312.73,1325.73,1312.73,0
2024-07-08,USD,1299.93,1312.93,1325.93,1312.93,1
2024-07-09,USD,1300.25,1313.25,1326.25,1313.25,1
2024-07-10,USD,1300.4,1313.4,1326.4,1313.4,1
2024-07-11,USD,1301.59,1314.6,1327.62,1314.6,1
2024-07-12,USD,1301.0,1314.01,1327.02,1314.01,1
2024-07-13,USD,1301.0,1314.01,1327.02,1314.01,0
2024-07-14,USD,1301.0,1314.01,1327.02,1314.01,0
2024-07-15,USD,1301.0,1314.01,1327.02,1314.01,0
2024-07-16,USD,1301.0,1314.01,1327.02,1314.01,0
2024-07-17,USD,1301.4,1314.41,1327.42,1314.41,1
2024-07-18,USD,1301.73,1314.74,1327.76,1314.74,1
2024-07-19,USD,1301.94,1314.96,1327.98,1314.96,1
2024-07-20,USD,1301.94,1314.96,1327.98,1314.96,0
2024-07-21,USD,1301.94,1314.96,1327.98,1314.96,0
2024-07-22,USD,1301.39,1314.4,1327.42,1314.4,1
2024-07-23,USD,1301.5,1314.52,1327.53,1314.52,1
2024-07-24,USD,1302.12,1315.14,1328.16,1315.14,1
2024-07-25,USD,1302.49,1315.51,1328.53,1315.51,1
2024-07-26,USD,1301.98,1315.0,1328.02,1315.0,1
2024-07-27,USD,1301.98,1315.0,1328.02,1315.0,0
2024-07-28,USD,1301.98,1315.0,1328.02,1315.0,0
2024-07-29,USD,1302.84,1315.87,1328.9,1315.87,1
2024-07-30,USD,1303.7,1316.74,1329.78,1316.74,1
2024-07-31,USD,1304.62,1317.67,1330.71,1317.67,1
2024-08-01,USD,1305.456067,1318.509309,1331.562551,1318.509309,1
2024-08-02,USD,1305.456067,1318.509309,1331.562551,1318.509309,0
2024-08-03,USD,1305.456067,1318.509309,1331.562551,1318.509309,0
2024-08-04,USD,1305.456067,1318.509309,1331.562551,1318.509309,0
2024-08-05,USD,1306.44,1319.5,1332.56,1319.5,1
2024-08-06,USD,1307.23,1320.3,1333.37,1320.3,1
2024-08-07,USD,1307.97,1321.05,1334.13,1321.05,1
2024-08-08,USD,1308.81,1321.9,1334.99,1321.9,1
2024-08-09,USD,1309.75,1322.85,1335.95,1322.85,1
2024-08-10,USD,1309.75,1322.85,1335.95,1322.85,0
2024-08-11,USD,1309.75,1322.85,1335.95,1322.85,0
2024-08-12,USD,1309.75,1322.85,1335.95,1322.85,0
2024-08-13,USD,1310.72,1323.83,1336.94,1323.83,1
2024-08-14,USD,1311.58,1324.7,1337.81,1324.7,1
2024-08-15,USD,1311.58,1324.7,1337.81,1324.7,0
2024-08-16,USD,1312.46,1325.58,1338.7,1325.58,1
2024-08-17,USD,1312.46,1325.58,1338.7,1325.58,0
2024-08-18,USD,1312.46,1325.58,1338.7,1325.58,0
2024-08-19,USD,1313.36,1326.49,1339.62,1326.49,1
2024-08-20,USD,1314.3,1327.44,1340.58,1327.44,1
2024-08-21,USD,1315.34,1328.49,1341.64,1328.49,1
2024-08-22,USD,1316.26,1329.42,1342.58,1329.42,1
2024-08-23,USD,1316.96,1330.13,1343.3,1330.13,1
2024-08-24,USD,1316.96,1330.13,1343.3,1330.13,0
2024-08-25,USD,1316.96,1330.13,1343.3,1330.13,0
2024-08-26,USD,1318.111524,1331.291308,1344.471092,1331.291308,1
2024-08-27,USD,1318.963012,1332.15131,1345.339608,1332.15131,1
2024-08-28,USD,1319.847863,1333.045009,1346.242155,1333.045009,1
2024-08-29,USD,1320.758966,1333.965222,1347.171478,1333.965222,1
2024-08-30,USD,1321.600869,1334.815543,1348.030217,1334.815543,1
2024-08-31,USD,1321.600869,1334.815543,1348.030217,1334.815543,0
2024-09-01,USD,1321.600869,1334.815543,1348.030217,1334.815543,0
2024-09-02,USD,1321.99,1335.21,1348.43,1335.21,1
2024-09-03,USD,1322.72,1335.94,1349.17,1335.94,1
2024-09-04,USD,1323.02,1336.25,1349.48,1336.25,1
2024-09-05,USD,1323.98,1337.22,1350.45,1337.22,1
2024-09-06,USD,1324.16,1337.4,1350.64,1337.4,1
2024-09-07,USD,1324.16,1337.4,1350.64,1337.4,0
2024-09-08,USD,1324.16,1337.4,1350.64,1337.4,0
2024-09-09,USD,1324.41,1337.65,1350.89,1337.65,1
2024-09-10,USD,1324.56,1337.8,1351.05,1337.8,1
2024-09-11,USD,1325.06,1338.31,1351.56,1338.31,1
2024-09-12,USD,1325.38,1338.63,1351.88,1338.63,1
2024-09-13,USD,1326.22,1339.48,1352.75,1339.48,1
2024-09-14,USD,1326.22,1339.48,1352.75,1339.48,0
2024-09-15,USD,1326.22,1339.48,1352.75,1339.48,0
2024-09-16,USD,1326.97,1340.23,1353.5,1340.23,1
2024-09-17,USD,1327.09,1340.36,1353.63,1340.36,1
2024-09-18,USD,1327.34,1340.61,1353.88,1340.61,1
2024-09-19,USD,1327.56,1340.84,1354.11,1340.84,1
2024-09-20,USD,1328.18,1341.46,1354.74,1341.46,1
2024-09-21,USD,1328.18,1341.46,1354.74,1341.46,0
2024-09-22,USD,1328.18,1341.46,1354.74,1341.46,0
2024-09-23,USD,1328.81,1342.09,1355.38,1342.09,1
2024-09-24,USD,1329.461567,1342.75484,1356.048113,1342.75484,1
2024-09-25,USD,1330.241957,1343.543033,1356.844109,1343.543033,1
2024-09-26,USD,1331.160582,1344.470843,1357.781104,1344.470843,1
2024-09-27,USD,1331.995907,1345.314521,1358.633135,1345.314521,1
2024-09-28,USD,1331.995907,1345.314521,1358.633135,1345.314521,0
2024-09-29,USD,1331.995907,1345.314521,1358.633135,1345.314521,0
2024-09-30,USD,1332.630768,1345.9557,1359.280692,1345.9557,1
2024-10-01,USD,1333.534037,1346.86803,1360.202023,1346.86803,1
2024-10-02,USD,1334.077247,1347.416672,1360.756097,1347.416672,1
2024-10-03,USD,1334.867347,1348.214672,1361.561997,1348.214672,1
2024-10-04,USD,1335.652249,1349.007422,1362.362595,1349.007422,1
2024-10-05,USD,1335.652249,1349.007422,1362.362595,1349.007422,0
2024-10-06,USD,1335.652249,1349.007422,1362.362595,1349.007422,0
2024-10-07,USD,1336.543339,1349.907422,1363.271505,1349.907422,1
2024-10-08,USD,1337.211614,1350.58238,1363.953146,1350.58238,1
2024-10-09,USD,1337.746495,1351.122609,1364.498723,1351.122609,1
2024-10-10,USD,1338.056774,1351.43599,1364.815206,1351.43599,1
2024-10-11,USD,1338.704696,1352.090391,1365.476086,1352.090391,1
2024-10-12,USD,1338.704696,1352.090391,1365.476086,1352.090391,0
2024-10-13,USD,1338.704696,1352.090391,1365.476086,1352.090391,0
2024-10-14,USD,1339.217957,1352.608784,1365.999611,1352.608784,1
2024-10-15,USD,1339.851746,1353.24891,1366.646074,1353.24891,1
2024-10-16,USD,1340.155743,1353.555947,1366.956151,1353.555947,1
2024-10-17,USD,1340.845153,1354.25225,1367.659347,1354.25225,1
2024-10-18,USD,1341.344582,1354.756673,1368.168764,1354.756673,1
2024-10-19,USD,1341.344582,1354.756673,1368.168764,1354.756673,0
2024-10-20,USD,1341.344582,1354.756673,1368.168764,1354.756673,0
2024-10-21,USD,1341.775375,1355.191774,1368.608173,1355.191774,1
2024-10-22,USD,1342.528838,1355.95277,1369.376702,1355.95277,1
2024-10-23,USD,1343.369983,1356.802326,1370.234669,1356.802326,1
2024-10-24,USD,1343.965253,1357.403548,1370.841843,1357.403548,1
2024-10-25,USD,1344.904581,1358.352268,1371.799955,1358.352268,1
2024-10-26,USD,1344.904581,1358.352268,1371.799955,1358.352268,0
2024-10-27,USD,1344.904581,1358.352268,1371.799955,1358.352268,0
2024-10-28,USD,1345.800173,1359.256815,1372.713457,1359.256815,1
2024-10-29,USD,1346.504881,1359.96857,1373.432259,1359.96857,1
2024-10-30,USD,1347.318932,1360.790761,1374.26259,1360.790761,1
2024-10-31,USD,1348.15807,1361.638289,1375.118508,1361.638289,1
2024-11-01,USD,1348.744853,1362.230939,1375.717025,1362.230939,1
2024-11-02,USD,1348.744853,1362.230939,1375.717025,1362.230939,0
2024-11-03,USD,1348.744853,1362.230939,1375.717025,1362.230939,0
2024-11-04,USD,1349.482477,1362.975939,1376.469401,1362.975939,1
2024-11-05,USD,1350.10141,1363.60106,1377.10071,1363.60106,1
2024-11-06,USD,1350.570288,1364.074627,1377.578966,1364.074627,1
2024-11-07,USD,1350.906625,1364.414327,1377.922029,1364.414327,1
2024-11-08,USD,1351.592667,1365.107229,1378.621791,1365.107229,1
2024-11-09,USD,1351.592667,1365.107229,1378.621791,1365.107229,0
2024-11-10,USD,1351.592667,1365.107229,1378.621791,1365.107229,0
2024-11-11,USD,1352.002581,1365.521241,1379.039901,1365.521241,1
2024-11-12,USD,1352.682323,1366.20778,1379.733237,1366.20778,1
2024-11-13,USD,1353.076099,1366.605493,1380.134887,1366.605493,1
2024-11-14,USD,1353.883496,1367.420964,1380.958432,1367.420964,1
2024-11-15,USD,1354.8188,1368.36562,1381.91244,1368.36562,1
2024-11-16,USD,1354.8188,1368.36562,1381.91244,1368.36562,0
2024-11-17,USD,1354.8188,1368.36562,1381.91244,1368.36562,0
2024-11-18,USD,1355.252714,1368.803872,1382.35503,1368.803872,1
2024-11-19,USD,1355.995455,1369.55404,1383.112625,1369.55404,1
2024-11-20,USD,1356.441385,1370.004429,1383.567473,1370.004429,1
2024-11-21,USD,1356.639405,1370.204429,1383.769453,1370.204429,1
2024-11-22,USD,1356.964367,1370.53264,1384.100913,1370.53264,1
2024-11-23,USD,1356.964367,1370.53264,1384.100913,1370.53264,0
2024-11-24,USD,1356.964367,1370.53264,1384.100913,1370.53264,0
2024-11-25,USD,1357.67627,1371.251661,1384.827052,1371.251661,1
2024-11-26,USD,1358.514537,1372.09831,1385.682083,1372.09831,1
2024-11-27,USD,1358.964249,1372.552519,1386.140789,1372.552519,1
2024-11-28,USD,1359.696449,1373.29204,1386.887631,1373.29204,1
2024-11-29,USD,1359.994706,1373.593279,1387.191852,1373.593279,1
2024-11-30,USD,1359.994706,1373.593279,1387.191852,1373.593279,0
2024-12-01,USD,1359.994706,1373.593279,1387.191852,1373.593279,0
2024-12-02,USD,1360.865498,1374.472779,1388.08006,1374.472779,1
2024-12-03,USD,1361.196609,1374.8072,1388.417791,1374.8072,1
2024-12-04,USD,1361.45009,1375.063216,1388.676342,1375.063216,1
2024-12-05,USD,1361.989341,1375.607859,1389.226377,1375.607859,1
2024-12-06,USD,1362.361077,1375.983312,1389.605547,1375.983312,1
2024-12-07,USD,1362.361077,1375.983312,1389.605547,1375.983312,0
2024-12-08,USD,1362.361077,1375.983312,1389.605547,1375.983312,0
2024-12-09,USD,1362.831721,1376.458662,1390.085603,1376.458662,1
2024-12-10,USD,1363.163611,1376.79387,1390.424129,1376.79387,1
2024-12-11,USD,1363.812527,1377.449275,1391.086023,1377.449275,1
2024-12-12,USD,1364.210931,1377.851662,1391.492393,1377.851662,1
2024-12-13,USD,1364.750466,1378.396592,1392.042718,1378.396592,1
2024-12-14,USD,1364.750466,1378.396592,1392.042718,1378.396592,0
2024-12-15,USD,1364.750466,1378.396592,1392.042718,1378.396592,0
2024-12-16,USD,1365.168101,1378.818403,1392.468705,1378.818403,1
2024-12-17,USD,1365.824722,1379.48159,1393.138458,1379.48159,1
2024-12-18,USD,1366.02376,1379.682618,1393.341476,1379.682618,1
2024-12-19,USD,1366.278004,1379.939404,1393.600804,1379.939404,1
2024-12-20,USD,1366.644401,1380.309465,1393.974529,1380.309465,1
2024-12-21,USD,1366.644401,1380.309465,1393.974529,1380.309465,0
2024-12-22,USD,1366.644401,1380.309465,1393.974529,1380.309465,0
2024-12-23,USD,1367.420041,1381.09286,1394.765679,1381.09286,1
2024-12-24,USD,1367.996388,1381.67497,1395.353552,1381.67497,1
2024-12-25,USD,1367.996388,1381.67497,1395.353552,1381.67497,0
2024-12-26,USD,1367.996388,1381.67497,1395.353552,1381.67497,0
2024-12-27,USD,1368.085443,1381.764916,1395.444389,1381.764916,1
2024-12-28,USD,1368.085443,1381.764916,1395.444389,1381.764916,0
2024-12-29,USD,1368.085443,1381.764916,1395.444389,1381.764916,0
2024-12-30,USD,1368.553114,1382.237263,1395.921412,1382.237263,1
2024-12-31,USD,1369.295767,1382.987342,1396.678917,1382.987342,1
2025-01-01,USD,1369.295767,1382.987342,1396.678917,1382.987342,0
2025-01-02,USD,1369.295767,1382.987342,1396.678917,1382.987342,0
2025-01-03,USD,1369.879926,1383.577342,1397.274758,1383.577342,1
2025-01-04,USD,1369.879926,1383.577342,1397.274758,1383.577342,0
2025-01-05,USD,1369.879926,1383.577342,1397.274758,1383.577342,0
2025-01-06,USD,1370.525689,1384.229562,1397.933435,1384.229562,1
2025-01-07,USD,1371.267007,1384.978292,1398.689577,1384.978292,1
2025-01-08,USD,1371.273351,1384.9847,1398.696049,1384.9847,1
2025-01-09,USD,1371.591642,1385.306173,1399.020704,1385.306173,1
2025-01-10,USD,1372.104879,1385.824542,1399.544205,1385.824542,1
2025-01-11,USD,1372.104879,1385.824542,1399.544205,1385.824542,0
2025-01-12,USD,1372.104879,1385.824542,1399.544205,1385.824542,0
2025-01-13,USD,1372.555732,1386.279903,1400.004074,1386.279903,1
2025-01-14,USD,1372.761957,1386.48819,1400.214423,1386.48819,1
2025-01-15,USD,1373.506241,1387.239916,1400.973591,1387.239916,1
2025-01-16,USD,1373.84314,1387.580184,1401.317228,1387.580184,1
2025-01-17,USD,1374.379705,1388.122114,1401.864523,1388.122114,1
2025-01-18,USD,1374.379705,1388.122114,1401.864523,1388.122114,0
2025-01-19,USD,1374.379705,1388.122114,1401.864523,1388.122114,0
2025-01-20,USD,1375.003688,1388.752336,1402.500984,1388.752336,1
2025-01-21,USD,1375.387682,1389.14017,1402.892658,1389.14017,1
2025-01-22,USD,1375.674405,1389.42976,1403.185115,1389.42976,1
2025-01-23,USD,1376.235242,1389.996204,1403.757166,1389.996204,1
2025-01-24,USD,1376.955815,1390.723982,1404.492149,1390.723982,1
2025-01-25,USD,1376.955815,1390.723982,1404.492149,1390.723982,0
2025-01-26,USD,1376.955815,1390.723982,1404.492149,1390.723982,0
2025-01-27,USD,1377.767905,1391.544193,1405.320481,1391.544193,1
2025-01-28,USD,1378.54121,1392.32523,1406.10925,1392.32523,1
2025-01-29,USD,1379.095661,1392.885225,1406.674789,1392.885225,1
2025-01-30,USD,1379.923956,1393.721802,1407.519648,1393.721802,1
2025-01-31,USD,1380.151679,1393.951802,1407.751925,1393.951802,1
2025-02-01,USD,1380.151679,1393.951802,1407.751925,1393.951802,0
2025-02-02,USD,1380.151679,1393.951802,1407.751925,1393.951802,0
2025-02-03,USD,1380.151679,1393.951802,1407.751925,1393.951802,0
2025-02-04,USD,1381.082371,1394.8918,1408.701229,1394.8918,1
2025-02-05,USD,1381.792627,1395.609158,1409.425689,1395.609158,1
2025-02-06,USD,1382.555004,1396.379158,1410.203312,1396.379158,1
2025-02-07,USD,1382.802529,1396.629158,1410.455787,1396.629158,1
2025-02-08,USD,1382.802529,1396.629158,1410.455787,1396.629158,0
2025-02-09,USD,1382.802529,1396.629158,1410.455787,1396.629158,0
2025-02-10,USD,1383.316754,1397.148524,1410.980294,1397.148524,1
2025-02-11,USD,1383.971047,1397.80936,1411.647673,1397.80936,1
2025-02-12,USD,1384.57055,1398.414857,1412.259164,1398.414857,1
2025-02-13,USD,1385.016314,1398.865078,1412.713842,1398.865078,1
2025-02-14,USD,1385.748756,1399.604844,1413.460932,1399.604844,1
2025-02-15,USD,1385.748756,1399.604844,1413.460932,1399.604844,0
2025-02-16,USD,1385.748756,1399.604844,1413.460932,1399.604844,0
2025-02-17,USD,1386.636696,1400.501662,1414.366628,1400.501662,1
2025-02-18,USD,1387.391051,1401.26356,1415.136069,1401.26356,1
2025-02-19,USD,1388.229307,1402.110198,1415.991089,1402.110198,1
2025-02-20,USD,1388.647969,1402.533046,1416.418123,1402.533046,1
2025-02-21,USD,1389.414188,1403.306927,1417.199666,1403.306927,1
2025-02-22,USD,1389.414188,1403.306927,1417.199666,1403.306927,0
2025-02-23,USD,1389.414188,1403.306927,1417.199666,1403.306927,0
2025-02-24,USD,1389.572604,1403.466927,1417.36125,1403.466927,1
2025-02-25,USD,1390.34039,1404.24239,1418.14439,1404.24239,1
2025-02-26,USD,1390.687175,1404.592642,1418.498109,1404.592642,1
2025-02-27,USD,1390.982861,1404.891285,1418.799709,1404.891285,1
2025-02-28,USD,1391.507614,1405.421285,1419.334956,1405.421285,1
2025-03-01,USD,1391.507614,1405.421285,1419.334956,1405.421285,0
2025-03-02,USD,1391.507614,1405.421285,1419.334956,1405.421285,0
2025-03-03,USD,1392.383302,1406.305729,1420.228156,1406.305729,1
2025-03-04,USD,1393.349958,1407.28205,1421.214142,1407.28205,1
2025-03-05,USD,1394.086648,1408.026106,1421.965564,1408.026106,1
2025-03-06,USD,1394.385748,1408.328197,1422.270646,1408.328197,1
2025-03-07,USD,1394.933153,1408.881076,1422.828999,1408.881076,1
2025-03-08,USD,1394.933153,1408.881076,1422.828999,1408.881076,0
2025-03-09,USD,1394.933153,1408.881076,1422.828999,1408.881076,0
2025-03-10,USD,1395.147675,1409.097743,1423.047811,1409.097743,1
2025-03-11,USD,1395.682326,1409.63774,1423.593154,1409.63774,1
2025-03-12,USD,1395.975534,1409.933879,1423.892224,1409.933879,1
2025-03-13,USD,1396.461703,1410.42491,1424.388117,1410.42491,1
2025-03-14,USD,1396.743783,1410.70981,1424.675837,1410.70981,1
2025-03-15,USD,1396.743783,1410.70981,1424.675837,1410.70981,0
2025-03-16,USD,1396.743783,1410.70981,1424.675837,1410.70981,0
2025-03-17,USD,1397.177221,1411.147582,1425.117943,1411.147582,1
2025-03-18,USD,1397.806913,1411.78357,1425.760227,1411.78357,1
2025-03-19,USD,1398.619536,1412.604319,1426.589102,1412.604319,1
2025-03-20,USD,1399.288693,1413.280167,1427.271641,1413.280167,1
2025-03-21,USD,1399.393877,1413.386402,1427.378927,1413.386402,1
2025-03-22,USD,1399.393877,1413.386402,1427.378927,1413.386402,0
2025-03-23,USD,1399.393877,1413.386402,1427.378927,1413.386402,0
2025-03-24,USD,1399.613107,1413.607824,1427.602541,1413.607824,1
2025-03-25,USD,1399.842954,1413.83997,1427.836986,1413.83997,1
2025-03-26,USD,1400.211491,1414.212192,1428.212893,1414.212192,1
2025-03-27,USD,1400.480037,1414.483423,1428.486809,1414.483423,1
2025-03-28,USD,1400.946408,1414.954457,1428.962506,1414.954457,1
2025-03-29,USD,1400.946408,1414.954457,1428.962506,1414.954457,0
2025-03-30,USD,1400.946408,1414.954457,1428.962506,1414.954457,0
2025-03-31,USD,1400.946408,1414.954457,1428.962506,1414.954457,0
2025-04-01,USD,1401.182055,1415.19246,1429.202865,1415.19246,1
2025-04-02,USD,1401.666569,1415.681819,1429.697069,1415.681819,1
2025-04-03,USD,1401.791003,1415.807497,1429.823991,1415.807497,1
2025-04-04,USD,1401.518726,1415.532498,1429.54627,1415.532498,1
2025-04-05,USD,1401.518726,1415.532498,1429.54627,1415.532498,0
2025-04-06,USD,1401.518726,1415.532498,1429.54627,1415.532498,0
2025-04-07,USD,1401.518726,1415.532498,1429.54627,1415.532498,0
2025-04-08,USD,1401.766253,1415.7825,1429.798747,1415.7825,1
2025-04-09,USD,1401.964271,1415.982498,1430.000725,1415.982498,1
2025-04-10,USD,1401.55833,1415.572498,1429.586666,1415.572498,1
2025-04-11,USD,1401.782093,1415.798498,1429.814903,1415.798498,1
2025-04-12,USD,1401.782093,1415.798498,1429.814903,1415.798498,0
2025-04-13,USD,1401.782093,1415.798498,1429.814903,1415.798498,0
2025-04-14,USD,1401.8514,1415.868498,1429.885596,1415.868498,1
2025-04-15,USD,1401.999917,1416.0185,1430.037083,1416.0185,1
2025-04-16,USD,1401.688033,1415.703498,1429.718963,1415.703498,1
2025-04-17,USD,1401.420706,1415.433498,1429.44629,1415.433498,1
2025-04-18,USD,1401.420706,1415.433498,1429.44629,1415.433498,0
2025-04-19,USD,1401.420706,1415.433498,1429.44629,1415.433498,0
2025-04-20,USD,1401.420706,1415.433498,1429.44629,1415.433498,0
2025-04-21,USD,1401.420706,1415.433498,1429.44629,1415.433498,0
2025-04-22,USD,1401.202884,1415.213498,1429.224112,1415.213498,1
2025-04-23,USD,1401.292036,1415.303541,1429.315047,1415.303541,1
2025-04-24,USD,1401.787086,1415.803541,1429.819997,1415.803541,1
2025-04-25,USD,1402.178176,1416.198541,1430.218907,1416.198541,1
2025-04-26,USD,1402.178176,1416.198541,1430.218907,1416.198541,0
2025-04-27,USD,1402.178176,1416.198541,1430.218907,1416.198541,0
2025-04-28,USD,1402.212829,1416.233541,1430.254253,1416.233541,1
2025-04-29,USD,1402.52966,1416.55354,1430.57742,1416.55354,1
2025-04-30,USD,1402.942533,1416.970541,1430.99855,1416.970541,1
2025-05-01,USD,1402.942533,1416.970541,1430.99855,1416.970541,0
2025-05-02,USD,1402.942533,1416.970541,1430.99855,1416.970541,0
2025-05-03,USD,1402.942533,1416.970541,1430.99855,1416.970541,0
2025-05-04,USD,1402.942533,1416.970541,1430.99855,1416.970541,0
2025-05-05,USD,1403.259365,1417.290541,1431.321718,1417.290541,1
2025-05-06,USD,1403.41778,1417.45054,1431.4833,1417.45054,1
2025-05-07,USD,1403.764316,1417.800541,1431.836767,1417.800541,1
2025-05-08,USD,1404.176188,1418.216531,1432.256875,1418.216531,1
2025-05-09,USD,1404.739166,1418.785139,1432.831112,1418.785139,1
2025-05-10,USD,1404.739166,1418.785139,1432.831112,1418.785139,0
2025-05-11,USD,1404.739166,1418.785139,1432.831112,1418.785139,0
2025-05-12,USD,1405.229187,1419.280059,1433.330932,1419.280059,1
2025-05-13,USD,1405.318296,1419.37006,1433.421824,1419.37006,1
2025-05-14,USD,1405.491563,1419.545059,1433.598555,1419.545059,1
2025-05-15,USD,1405.174611,1419.224938,1433.275265,1419.224938,1
2025-05-16,USD,1404.743919,1418.789939,1432.835959,1418.789939,1
2025-05-17,USD,1404.743919,1418.789939,1432.835959,1418.789939,0
2025-05-18,USD,1404.743919,1418.789939,1432.835959,1418.789939,0
2025-05-19,USD,1404.856117,1418.903259,1432.950401,1418.903259,1
2025-05-20,USD,1404.598692,1418.64326,1432.687828,1418.64326,1
2025-05-21,USD,1404.554124,1418.598247,1432.64237,1418.598247,1
2025-05-22,USD,1404.679943,1418.725324,1432.770705,1418.725324,1
2025-05-23,USD,1404.78497,1418.831401,1432.877832,1418.831401,1
2025-05-24,USD,1404.78497,1418.831401,1432.877832,1418.831401,0
2025-05-25,USD,1404.78497,1418.831401,1432.877832,1418.831401,0
2025-05-26,USD,1405.200812,1419.251401,1433.30199,1419.251401,1
2025-05-27,USD,1404.98794,1419.0364,1433.08486,1419.0364,1
2025-05-28,USD,1405.324574,1419.3764,1433.428226,1419.3764,1
2025-05-29,USD,1405.824574,1419.8814,1433.938226,1419.8814,1
2025-05-30,USD,1405.740415,1419.796399,1433.852383,1419.796399,1
2025-05-31,USD,1405.740415,1419.796399,1433.852383,1419.796399,0
2025-06-01,USD,1405.740415,1419.796399,1433.852383,1419.796399,0
2025-06-02,USD,1406.447079,1420.510129,1434.573179,1420.510129,1
2025-06-03,USD,1407.199566,1421.27014,1435.340714,1421.27014,1
2025-06-04,USD,1407.575804,1421.65014,1435.724476,1421.65014,1
2025-06-05,USD,1406.93719,1421.005141,1435.073092,1421.005141,1
2025-06-06,USD,1406.93719,1421.005141,1435.073092,1421.005141,0
2025-06-07,USD,1406.93719,1421.005141,1435.073092,1421.005141,0
2025-06-08,USD,1406.93719,1421.005141,1435.073092,1421.005141,0
2025-06-09,USD,1408.93719,1422.030399,1435.123608,1422.030399,1
2025-06-10,USD,1410.43719,1422.88096,1435.32473,1422.88096,1
2025-06-11,USD,1410.93832,1423.241351,1435.544382,1423.241351,1
2025-06-12,USD,1411.66146,1423.699459,1435.737457,1423.699459,1
2025-06-13,USD,1412.28276,1424.116214,1435.949668,1424.116214,1
2025-06-14,USD,1412.28276,1424.116214,1435.949668,1424.116214,0
2025-06-15,USD,1412.28276,1424.116214,1435.949668,1424.116214,0
2025-06-16,USD,1413.78276,1424.991321,1436.199881,1424.991321,1
2025-06-17,USD,1416.678541,1426.59028,1436.502013,1426.59028,1
2025-06-18,USD,1418.499882,1427.606108,1436.712334,1427.606108,1
2025-06-19,USD,1420.603093,1428.758374,1436.913655,1428.758374,1
2025-06-20,USD,1422.556308,1429.832142,1437.107976,1429.832142,1
2025-06-21,USD,1422.556308,1429.832142,1437.107976,1429.832142,0
2025-06-22,USD,1422.556308,1429.832142,1437.107976,1429.832142,0
2025-06-23,USD,1424.577649,1430.947928,1437.318207,1430.947928,1
2025-06-24,USD,1427.518438,1432.51844,1437.518438,1432.51844,1
2025-06-25,USD,1427.698561,1432.698606,1437.69865,1432.698606,1
2025-06-26,USD,1427.821584,1432.821584,1437.821584,1432.821584,1
2025-06-27,USD,1427.931797,1432.931797,1437.931797,1432.931797,1
2025-06-28,USD,1427.931797,1432.931797,1437.931797,1432.931797,0
2025-06-29,USD,1427.931797,1432.931797,1437.931797,1432.931797,0
2025-06-30,USD,1428.018438,1433.018438,1438.018438,1433.018438,1
2025-07-01,USD,1428.018438,1433.018438,1438.018438,1433.018438,0
2025-07-02,USD,1428.018438,1433.018438,1438.018438,1433.018438,0
2025-07-03,USD,1428.018438,1433.018438,1438.018438,1433.018438,0
2025-07-04,USD,1428.018438,1433.018438,1438.018438,1433.018438,0
2025-07-05,USD,1428.018438,1433.018438,1438.018438,1433.018438,0
2025-07-06,USD,1428.018438,1433.018438,1438.018438,1433.018438,0
2025-07-07,USD,1428.398459,1433.398459,1438.398459,1433.398459,1
2025-07-08,USD,1428.80059,1433.80059,1438.80059,1433.80059,1
2025-07-09,USD,1429.291806,1434.291806,1439.291806,1434.291806,1
2025-07-10,USD,1429.723031,1434.723031,1439.723031,1434.723031,1
2025-07-11,USD,1430.168438,1435.168438,1440.168438,1435.168438,1
2025-07-12,USD,1430.168438,1435.168438,1440.168438,1435.168438,0
2025-07-13,USD,1430.168438,1435.168438,1440.168438,1435.168438,0
2025-07-14,USD,1430.660551,1435.660551,1440.660551,1435.660551,1
2025-07-15,USD,1431.17076,1436.17076,1441.17076,1436.17076,1
2025-07-16,USD,1431.672896,1436.672896,1441.672896,1436.672896,1
2025-07-17,USD,1432.163518,1437.163518,1442.163518,1437.163518,1
2025-07-18,USD,1432.618438,1437.618438,1442.618438,1437.618438,1
2025-07-19,USD,1432.618438,1437.618438,1442.618438,1437.618438,0
2025-07-20,USD,1432.618438,1437.618438,1442.618438,1437.618438,0
2025-07-21,USD,1433.17857,1438.17857,1443.17857,1438.17857,1
2025-07-22,USD,1433.63878,1438.63878,1443.63878,1438.63878,1
2025-07-23,USD,1434.136101,1439.136101,1444.136101,1439.136101,1
2025-07-24,USD,1434.654422,1439.654422,1444.654422,1439.654422,1
2025-07-25,USD,1435.157638,1440.157638,1445.157638,1440.157638,1
2025-07-26,USD,1435.157638,1440.157638,1445.157638,1440.157638,0
2025-07-27,USD,1435.157638,1440.157638,1445.157638,1440.157638,0
2025-07-28,USD,1435.677851,1440.677851,1445.677851,1440.677851,1
2025-07-29,USD,1435.71806,1440.71806,1445.71806,1440.71806,1
2025-07-30,USD,1435.858064,1440.858064,1445.858064,1440.858064,1
2025-07-31,USD,1436.016385,1441.016385,1446.016385,1441.016385,1
2025-08-01,USD,1436.016385,1441.016385,1446.016385,1441.016385,0
2025-08-02,USD,1436.016385,1441.016385,1446.016385,1441.016385,0
2025-08-03,USD,1436.016385,1441.016385,1446.016385,1441.016385,0
2025-08-04,USD,1436.526706,1441.526706,1446.526706,1441.526706,1
2025-08-05,USD,1437.02503,1442.02503,1447.02503,1442.02503,1
2025-08-06,USD,1437.533243,1442.533243,1447.533243,1442.533243,1
2025-08-07,USD,1438.043456,1443.043456,1448.043456,1443.043456,1
2025-08-08,USD,1438.539288,1443.539288,1448.539288,1443.539288,1
2025-08-09,USD,1438.539288,1443.539288,1448.539288,1443.539288,0
2025-08-10,USD,1438.539288,1443.539288,1448.539288,1443.539288,0
2025-08-11,USD,1439.03,1444.03,1449.03,1444.03,1
2025-08-12,USD,1439.14,1444.14,1449.14,1444.14,1
2025-08-13,USD,1439.27,1444.27,1449.27,1444.27,1
2025-08-14,USD,1439.5,1444.5,1449.5,1444.5,1
2025-08-15,USD,1439.5,1444.5,1449.5,1444.5,0
2025-08-16,USD,1439.5,1444.5,1449.5,1444.5,0
2025-08-17,USD,1439.5,1444.5,1449.5,1444.5,0
2025-08-18,USD,1439.64,1444.64,1449.64,1444.64,1
2025-08-19,USD,1439.795,1444.795,1449.795,1444.795,1
2025-08-20,USD,1439.89,1444.89,1449.89,1444.89,1
2025-08-21,USD,1439.925,1444.925,1449.925,1444.925,1
2025-08-22,USD,1440.005,1445.005,1450.005,1445.005,1
2025-08-23,USD,1440.005,1445.005,1450.005,1445.005,0
2025-08-24,USD,1440.005,1445.005,1450.005,1445.005,0
2025-08-25,USD,1439.975,1444.975,1449.975,1444.975,1
2025-08-26,USD,1440.14,1445.14,1450.14,1445.14,1
2025-08-27,USD,1440.245,1445.245,1450.245,1445.245,1
2025-08-28,USD,1440.39,1445.39,1450.39,1445.39,1
2025-08-29,USD,1440.505,1445.505,1450.505,1445.505,1
2025-08-30,USD,1440.505,1445.505,1450.505,1445.505,0
2025-08-31,USD,1440.505,1445.505,1450.505,1445.505,0
2025-09-01,USD,1440.65,1445.65,1450.65,1445.65,1
2025-09-02,USD,1440.785,1445.785,1450.785,1445.785,1
2025-09-03,USD,1440.825,1445.825,1450.825,1445.825,1
2025-09-04,USD,1440.915,1445.915,1450.915,1445.915,1
2025-09-05,USD,1440.995,1445.995,1450.995,1445.995,1
2025-09-06,USD,1440.995,1445.995,1450.995,1445.995,0
2025-09-07,USD,1440.995,1445.995,1450.995,1445.995,0
2025-09-08,USD,1441.095,1446.095,1451.095,1446.095,1
2025-09-09,USD,1441.165,1446.165,1451.165,1446.165,1
2025-09-10,USD,1441.355,1446.355,1451.355,1446.355,1
2025-09-11,USD,1441.49,1446.49,1451.49,1446.49,1
2025-09-12,USD,1441.6,1446.6,1451.6,1446.6,1
2025-09-13,USD,1441.6,1446.6,1451.6,1446.6,0
2025-09-14,USD,1441.6,1446.6,1451.6,1446.6,0
2025-09-15,USD,1441.75,1446.75,1451.75,1446.75,1
2025-09-16,USD,1441.94,1446.94,1451.94,1446.94,1
2025-09-17,USD,1442.02,1447.02,1452.02,1447.02,1
2025-09-18,USD,1442.145,1447.145,1452.145,1447.145,1
2025-09-19,USD,1442.215,1447.215,1452.215,1447.215,1
2025-09-20,USD,1442.215,1447.215,1452.215,1447.215,0
2025-09-21,USD,1442.215,1447.215,1452.215,1447.215,0
2025-09-22,USD,1442.33,1447.33,1452.33,1447.33,1
2025-09-23,USD,1442.475,1447.475,1452.475,1447.475,1
2025-09-24,USD,1442.435,1447.435,1452.435,1447.435,1
2025-09-25,USD,1442.51,1447.51,1452.51,1447.51,1
2025-09-26,USD,1442.675,1447.675,1452.675,1447.675,1
2025-09-27,USD,1442.675,1447.675,1452.675,1447.675,0
2025-09-28,USD,1442.675,1447.675,1452.675,1447.675,0
2025-09-29,USD,1442.77,1447.77,1452.77,1447.77,1
2025-09-30,USD,1442.96,1447.96,1452.96,1447.96,1
2025-10-01,USD,1443.07,1448.07,1453.07,1448.07,1
2025-10-02,USD,1443.185,1448.185,1453.185,1448.185,1
2025-10-03,USD,1443.255,1448.255,1453.255,1448.255,1
2025-10-04,USD,1443.255,1448.255,1453.255,1448.255,0
2025-10-05,USD,1443.255,1448.255,1453.255,1448.255,0
2025-10-06,USD,1443.35,1448.35,1453.35,1448.35,1
2025-10-07,USD,1443.395,1448.395,1453.395,1448.395,1
2025-10-08,USD,1443.48,1448.48,1453.48,1448.48,1
2025-10-09,USD,1443.63,1448.63,1453.63,1448.63,1
2025-10-10,USD,1443.64,1448.64,1453.64,1448.64,1
2025-10-11,USD,1443.64,1448.64,1453.64,1448.64,0
2025-10-12,USD,1443.64,1448.64,1453.64,1448.64,0
2025-10-13,USD,1443.665,1448.665,1453.665,1448.665,1
2025-10-14,USD,1443.773,1448.773,1453.773,1448.773,1
2025-10-15,USD,1443.815,1448.815,1453.815,1448.815,1
2025-10-16,USD,1443.915,1448.915,1453.915,1448.915,1
2025-10-17,USD,1443.96,1448.96,1453.96,1448.96,1
2025-10-18,USD,1443.96,1448.96,1453.96,1448.96,0
2025-10-19,USD,1443.96,1448.96,1453.96,1448.96,0
2025-10-20,USD,1444.14,1449.14,1454.14,1449.14,1
2025-10-21,USD,1444.155,1449.155,1454.155,1449.155,1
2025-10-22,USD,1444.265,1449.265,1454.265,1449.265,1
2025-10-23,USD,1444.35,1449.35,1454.35,1449.35,1
2025-10-24,USD,1444.46,1449.46,1454.46,1449.46,1
2025-10-25,USD,1444.46,1449.46,1454.46,1449.46,0
2025-10-26,USD,1444.46,1449.46,1454.46,1449.46,0
2025-10-27,USD,1444.47,1449.47,1454.47,1449.47,1
2025-10-28,USD,1444.71,1449.71,1454.71,1449.71,1
2025-10-29,USD,1444.695,1449.695,1454.695,1449.695,1
2025-10-30,USD,1444.795,1449.795,1454.795,1449.795,1
2025-10-31,USD,1444.87,1449.87,1454.87,1449.87,1
2025-11-01,USD,1444.87,1449.87,1454.87,1449.87,0
2025-11-02,USD,1444.87,1449.87,1454.87,1449.87,0
2025-11-03,USD,1444.89,1449.89,1454.89,1449.89,1
2025-11-04,USD,1444.985,1449.985,1454.985,1449.985,1
2025-11-05,USD,1445.095,1450.095,1455.095,1450.095,1
2025-11-06,USD,1445.165,1450.165,1455.165,1450.165,1
2025-11-07,USD,1445.265,1450.265,1455.265,1450.265,1
2025-11-08,USD,1445.265,1450.265,1455.265,1450.265,0
2025-11-09,USD,1445.265,1450.265,1455.265,1450.265,0
2025-11-10,USD,1445.33,1450.33,1455.33,1450.33,1
2025-11-11,USD,1445.44,1450.44,1455.44,1450.44,1
2025-11-12,USD,1445.5,1450.5,1455.5,1450.5,1
2025-11-13,USD,1445.58,1450.58,1455.58,1450.58,1
2025-11-14,USD,1445.675,1450.675,1455.675,1450.675,1
2025-11-15,USD,1445.675,1450.675,1455.675,1450.675,0
2025-11-16,USD,1445.675,1450.675,1455.675,1450.675,0
2025-11-17,USD,1445.74,1450.74,1455.74,1450.74,1
2025-11-18,USD,1445.825,1450.825,1455.825,1450.825,1
2025-11-19,USD,1445.9,1450.9,1455.9,1450.9,1
2025-11-20,USD,1445.93,1450.93,1455.93,1450.93,1
2025-11-21,USD,1446.015,1451.015,1456.015,1451.015,1
2025-11-22,USD,1446.015,1451.015,1456.015,1451.015,0
2025-11-23,USD,1446.015,1451.015,1456.015,1451.015,0
2025-11-24,USD,1446.05,1451.05,1456.05,1451.05,1
2025-11-25,USD,1446.175,1451.175,1456.175,1451.175,1
2025-11-26,USD,1446.24,1451.24,1456.24,1451.24,1
2025-11-27,USD,1446.335,1451.335,1456.335,1451.335,1
2025-11-28,USD,1446.435,1451.435,1456.435,1451.435,1
2025-11-29,USD,1446.435,1451.435,1456.435,1451.435,0
2025-11-30,USD,1446.435,1451.435,1456.435,1451.435,0
2025-12-01,USD,1446.51,1451.51,1456.51,1451.51,1
2025-12-02,USD,1446.59,1451.59,1456.59,1451.59,1
2025-12-03,USD,1446.665,1451.665,1456.665,1451.665,1
2025-12-04,USD,1446.76,1451.76,1456.76,1451.76,1
2025-12-05,USD,1446.83,1451.83,1456.83,1451.83,1
2025-12-06,USD,1446.83,1451.83,1456.83,1451.83,0
2025-12-07,USD,1446.83,1451.83,1456.83,1451.83,0
2025-12-08,USD,1446.915,1451.915,1456.915,1451.915,1
2025-12-09,USD,1446.99,1451.99,1456.99,1451.99,1
2025-12-10,USD,1447.05,1452.05,1457.05,1452.05,1
2025-12-11,USD,1447.130023,1452.130023,1457.130023,1452.130023,1
2025-12-12,USD,1447.195,1452.195,1457.195,1452.195,1
2025-12-13,USD,1447.195,1452.195,1457.195,1452.195,0
2025-12-14,USD,1447.195,1452.195,1457.195,1452.195,0
2025-12-15,USD,1447.285,1452.285,1457.285,1452.285,1
2025-12-16,USD,1447.36,1452.36,1457.36,1452.36,1
2025-12-17,USD,1447.43,1452.43,1457.43,1452.43,1
2025-12-18,USD,1447.525,1452.525,1457.525,1452.525,1
2025-12-19,USD,1447.605,1452.605,1457.605,1452.605,1
2025-12-20,USD,1447.605,1452.605,1457.605,1452.605,0
2025-12-21,USD,1447.605,1452.605,1457.605,1452.605,0
2025-12-22,USD,1447.675,1452.675,1457.675,1452.675,1
2025-12-23,USD,1447.76,1452.76,1457.76,1452.76,1
2025-12-24,USD,1447.85,1452.85,1457.85,1452.85,1
2025-12-25,USD,1447.85,1452.85,1457.85,1452.85,0
2025-12-26,USD,1447.85,1452.85,1457.85,1452.85,0
2025-12-27,USD,1447.85,1452.85,1457.85,1452.85,0
2025-12-28,USD,1447.85,1452.85,1457.85,1452.85,0
2025-12-29,USD,1447.925,1452.925,1457.925,1452.925,1
2025-12-30,USD,1448.015,1453.015,1458.015,1453.015,1
2025-12-31,USD,1448.075,1453.075,1458.075,1453.075,1
2026-01-01,USD,1448.075,1453.075,1458.075,1453.075,0
2026-01-02,USD,1448.075,1453.075,1458.075,1453.075,0
2026-01-03,USD,1448.075,1453.075,1458.075,1453.075,0
2026-01-04,USD,1448.075,1453.075,1458.075,1453.075,0
2026-01-05,USD,1448.165,1453.165,1458.165,1453.165,1
2026-01-06,USD,1448.26,1453.26,1458.26,1453.26,1
2026-01-07,USD,1448.33,1453.33,1458.33,1453.33,1
2026-01-08,USD,1448.415,1453.415,1458.415,1453.415,1
2026-01-09,USD,1448.51,1453.51,1458.51,1453.51,1
2026-01-10,USD,1448.51,1453.51,1458.51,1453.51,0
2026-01-11,USD,1448.51,1453.51,1458.51,1453.51,0
2026-01-12,USD,1448.59,1453.59,1458.59,1453.59,1
2026-01-13,USD,1448.685,1453.685,1458.685,1453.685,1
2026-01-14,USD,1448.7785,1453.7785,1458.7785,1453.7785,1
2026-01-15,USD,1448.875,1453.875,1458.875,1453.875,1
2026-01-16,USD,1448.965,1453.965,1458.965,1453.965,1
2026-01-17,USD,1448.965,1453.965,1458.965,1453.965,0
2026-01-18,USD,1448.965,1453.965,1458.965,1453.965,0
2026-01-19,USD,1449.085,1454.085,1459.085,1454.085,1
2026-01-20,USD,1449.19,1454.19,1459.19,1454.19,1
2026-01-21,USD,1449.255,1454.255,1459.255,1454.255,1
2026-01-22,USD,1449.35,1454.35,1459.35,1454.35,1
2026-01-23,USD,1449.48,1454.48,1459.48,1454.48,1
2026-01-24,USD,1449.48,1454.48,1459.48,1454.48,0
2026-01-25,USD,1449.48,1454.48,1459.48,1454.48,0
2026-01-26,USD,1449.595,1454.595,1459.595,1454.595,1
2026-01-27,USD,1449.7,1454.7,1459.7,1454.7,1
2026-01-28,USD,1449.79,1454.79,1459.79,1454.79,1
2026-01-29,USD,1449.9,1454.9,1459.9,1454.9,1
2026-01-30,USD,1450.05,1455.05,1460.05,1455.05,1
2026-01-31,USD,1450.05,1455.05,1460.05,1455.05,0
2026-02-01,USD,1450.05,1455.05,1460.05,1455.05,0
2026-02-02,USD,1450.05,1455.05,1460.05,1455.05,0
2026-02-03,USD,1450.15,1455.15,1460.15,1455.15,1
2026-02-04,USD,1450.255,1455.255,1460.255,1455.255,1
2026-02-05,USD,1450.35,1455.35,1460.35,1455.35,1
2026-02-06,USD,1450.5,1455.5,1460.5,1455.5,1
2026-02-07,USD,1450.5,1455.5,1460.5,1455.5,0
2026-02-08,USD,1450.5,1455.5,1460.5,1455.5,0
2026-02-09,USD,1450.615,1455.615,1460.615,1455.615,1
2026-02-10,USD,1450.77,1455.77,1460.77,1455.77,1
2026-02-11,USD,1450.89,1455.89,1460.89,1455.89,1
2026-02-12,USD,1451.04,1456.04,1461.04,1456.04,1
2026-02-13,USD,1451.21,1456.21,1461.21,1456.21,1
2026-02-14,USD,1451.21,1456.21,1461.21,1456.21,0
2026-02-15,USD,1451.21,1456.21,1461.21,1456.21,0
2026-02-16,USD,1451.375,1456.375,1461.375,1456.375,1
2026-02-17,USD,1451.57,1456.57,1461.57,1456.57,1
2026-02-18,USD,1451.705,1456.705,1461.705,1456.705,1
2026-02-19,USD,1451.855,1456.855,1461.855,1456.855,1
2026-02-20,USD,1452.045265,1457.045265,1462.045265,1457.045265,1
2026-02-21,USD,1452.045265,1457.045265,1462.045265,1457.045265,0
2026-02-22,USD,1452.045265,1457.045265,1462.045265,1457.045265,0
2026-02-23,USD,1452.2,1457.2,1462.2,1457.2,1
2026-02-24,USD,1452.365,1457.365,1462.365,1457.365,1
2026-02-25,USD,1452.54,1457.54,1462.54,1457.54,1
2026-02-26,USD,1452.69,1457.69,1462.69,1457.69,1
2026-02-27,USD,1452.825,1457.825,1462.825,1457.825,1
2026-02-28,USD,1452.825,1457.825,1462.825,1457.825,0
2026-03-01,USD,1452.825,1457.825,1462.825,1457.825,0
2026-03-02,USD,1452.97,1457.97,1462.97,1457.97,1
2026-03-03,USD,1453.11,1458.11,1463.11,1458.11,1
2026-03-04,USD,1453.27,1458.27,1463.27,1458.27,1
2026-03-05,USD,1453.42,1458.42,1463.42,1458.42,1
2026-03-06,USD,1453.59,1458.59,1463.59,1458.59,1
2026-03-07,USD,1453.59,1458.59,1463.59,1458.59,0
2026-03-08,USD,1453.59,1458.59,1463.59,1458.59,0
2026-03-09,USD,1453.74,1458.74,1463.74,1458.74,1
2026-03-10,USD,1453.905,1458.905,1463.905,1458.905,1
2026-03-11,USD,1454.01,1459.01,1464.01,1459.01,1
2026-03-12,USD,1454.135,1459.135,1464.135,1459.135,1
2026-03-13,USD,1454.335,1459.335,1464.335,1459.335,1
2026-03-14,USD,1454.335,1459.335,1464.335,1459.335,0
2026-03-15,USD,1454.335,1459.335,1464.335,1459.335,0
2026-03-16,USD,1454.485,1459.485,1464.485,1459.485,1
2026-03-17,USD,1454.625,1459.625,1464.625,1459.625,1
2026-03-18,USD,1454.74,1459.74,1464.74,1459.74,1
2026-03-19,USD,1454.9,1459.9,1464.9,1459.9,1
2026-03-20,USD,1454.9,1459.9,1464.9,1459.9,0
2026-03-21,USD,1454.9,1459.9,1464.9,1459.9,0
2026-03-22,USD,1454.9,1459.9,1464.9,1459.9,0
2026-03-23,USD,1455.04,1460.04,1465.04,1460.04,1
2026-03-24,USD,1455.17,1460.17,1465.17,1460.17,1
2026-03-25,USD,1455.215,1460.215,1465.215,1460.215,1
2026-03-26,USD,1455.305,1460.305,1465.305,1460.305,1
2026-03-27,USD,1455.37,1460.37,1465.37,1460.37,1
2026-03-28,USD,1455.37,1460.37,1465.37,1460.37,0
2026-03-29,USD,1455.37,1460.37,1465.37,1460.37,0
2026-03-30,USD,1455.4,1460.4,1465.4,1460.4,1
2026-03-31,USD,1455.45,1460.45,1465.45,1460.45,1
2026-04-01,USD,1455.535,1460.535,1465.535,1460.535,1
2026-04-02,USD,1455.615,1460.615,1465.615,1460.615,1
2026-04-03,USD,1455.615,1460.615,1465.615,1460.615,0
2026-04-04,USD,1455.615,1460.615,1465.615,1460.615,0
2026-04-05,USD,1455.615,1460.615,1465.615,1460.615,0
2026-04-06,USD,1455.615,1460.615,1465.615,1460.615,0
2026-04-07,USD,1455.615,1460.615,1465.615,1460.615,0
2026-04-08,USD,1455.685,1460.685,1465.685,1460.685,1
2026-04-09,USD,1455.78,1460.78,1465.78,1460.78,1
2026-04-10,USD,1455.86,1460.86,1465.86,1460.86,1
2026-04-11,USD,1455.86,1460.86,1465.86,1460.86,0
2026-04-12,USD,1455.86,1460.86,1465.86,1460.86,0
2026-04-13,USD,1455.955,1460.955,1465.955,1460.955,1
2026-04-14,USD,1456.04,1461.04,1466.04,1461.04,1
2026-04-15,USD,1456.13,1461.13,1466.13,1461.13,1
2026-04-16,USD,1456.225,1461.225,1466.225,1461.225,1
2026-04-17,USD,1456.295,1461.295,1466.295,1461.295,1
2026-04-18,USD,1456.295,1461.295,1466.295,1461.295,0
2026-04-19,USD,1456.295,1461.295,1466.295,1461.295,0
2026-04-20,USD,1456.38,1461.38,1466.38,1461.38,1
2026-04-21,USD,1456.475,1461.475,1466.475,1461.475,1
2026-04-22,USD,1456.565,1461.565,1466.565,1461.565,1
2026-04-23,USD,1456.63,1461.63,1466.63,1461.63,1
2026-04-24,USD,1456.725,1461.725,1466.725,1461.725,1
2026-04-25,USD,1456.725,1461.725,1466.725,1461.725,0
2026-04-26,USD,1456.725,1461.725,1466.725,1461.725,0
2026-04-27,USD,1456.795,1461.795,1466.795,1461.795,1
2026-04-28,USD,1456.89,1461.89,1466.89,1461.89,1
2026-04-29,USD,1456.975,1461.975,1466.975,1461.975,1
2026-04-30,USD,1457.0475,1462.0475,1467.0475,1462.0475,1
2026-05-01,USD,1457.0475,1462.0475,1467.0475,1462.0475,0
2026-05-02,USD,1457.0475,1462.0475,1467.0475,1462.0475,0
2026-05-03,USD,1457.0475,1462.0475,1467.0475,1462.0475,0
2026-05-04,USD,1457.115,1462.115,1467.115,1462.115,1
2026-05-05,USD,1457.19,1462.19,1467.19,1462.19,1
2026-05-06,USD,1457.285,1462.285,1467.285,1462.285,1
2026-05-07,USD,1457.345,1462.345,1467.345,1462.345,1
2026-05-08,USD,1457.43,1462.43,1467.43,1462.43,1
2026-05-09,USD,1457.43,1462.43,1467.43,1462.43,0
2026-05-10,USD,1457.43,1462.43,1467.43,1462.43,0
2026-05-11,USD,1457.5,1462.5,1467.5,1462.5,1
2026-05-12,USD,1457.595,1462.595,1467.595,1462.595,1
2026-05-13,USD,1457.6925,1462.6925,1467.6925,1462.6925,1
2026-05-14,USD,1457.785,1462.785,1467.785,1462.785,1
2026-05-15,USD,1457.88,1462.88,1467.88,1462.88,1
2026-05-16,USD,1457.88,1462.88,1467.88,1462.88,0
2026-05-17,USD,1457.88,1462.88,1467.88,1462.88,0
2026-05-18,USD,1457.97,1462.97,1467.97,1462.97,1
2026-05-19,USD,1458.065,1463.065,1468.065,1463.065,1
2026-05-20,USD,1458.1625,1463.1625,1468.1625,1463.1625,1
2026-05-21,USD,1458.255,1463.255,1468.255,1463.255,1
2026-05-22,USD,1458.3525,1463.3525,1468.3525,1463.3525,1
2026-05-23,USD,1458.3525,1463.3525,1468.3525,1463.3525,0
2026-05-24,USD,1458.3525,1463.3525,1468.3525,1463.3525,0
2026-05-25,USD,1458.4515,1463.4515,1468.4515,1463.4515,1
2026-05-26,USD,1458.545,1463.545,1468.545,1463.545,1
2026-05-27,USD,1458.545,1463.545,1468.545,1463.545,0
2026-05-28,USD,1458.64,1463.64,1468.64,1463.64,1
2026-05-29,USD,1458.725,1463.725,1468.725,1463.725,1
2026-05-30,USD,1458.725,1463.725,1468.725,1463.725,0
2026-05-31,USD,1458.725,1463.725,1468.725,1463.725,0
2026-06-01,USD,1458.82,1463.82,1468.82,1463.82,1
2026-06-02,USD,1458.9175,1463.9175,1468.9175,1463.9175,1
2026-06-03,USD,1459.015,1464.015,1469.015,1464.015,1
2026-06-04,USD,1459.095,1464.095,1469.095,1464.095,1
2026-06-05,USD,1459.182,1464.182,1469.182,1464.182,1
2026-06-06,USD,1459.182,1464.182,1469.182,1464.182,0
2026-06-07,USD,1459.182,1464.182,1469.182,1464.182,0
2026-06-08,USD,1459.279,1464.279,1469.279,1464.279,1
2026-06-09,USD,1459.36,1464.36,1469.36,1464.36,1
2026-06-10,USD,1459.45,1464.45,1469.45,1464.45,1
2026-06-11,USD,1459.545,1464.545,1469.545,1464.545,1
2026-06-12,USD,1459.615,1464.615,1469.615,1464.615,1
2026-06-13,USD,1459.615,1464.615,1469.615,1464.615,0
2026-06-14,USD,1459.615,1464.615,1469.615,1464.615,0
2026-06-15,USD,1459.705,1464.705,1469.705,1464.705,1
2026-06-16,USD,1459.8,1464.8,1469.8,1464.8,1
2026-06-17,USD,1459.89,1464.89,1469.89,1464.89,1
2026-06-18,USD,1459.985,1464.985,1469.985,1464.985,1
2026-06-19,USD,1460.07,1465.07,1470.07,1465.07,1
2026-06-20,USD,1460.07,1465.07,1470.07,1465.07,0
2026-06-21,USD,1460.07,1465.07,1470.07,1465.07,0
2026-06-22,USD,1460.165,1465.165,1470.165,1465.165,1
2026-06-23,USD,1460.26,1465.26,1470.26,1465.26,1
2026-06-24,USD,1460.35,1465.35,1470.35,1465.35,1
2026-06-25,USD,1460.445,1465.445,1470.445,1465.445,1
